mutation_id	ref_counts	var_counts	normal_cn	minor_cn	major_cn
chrX:100745844	316	10	2	0	2
chrX:100745885	305	13	2	0	2
chrX:100746201	566	8	2	0	2
chrX:100746257	334	12	2	0	2
chrX:100746262	755	12	2	0	2
chrX:100747596	213	8	2	0	2
chrX:100747598	214	8	2	0	2
chrX:100747600	214	8	2	0	2
chrX:105937264	95	6	2	0	2
chrX:110987966	83	10	2	0	2
chrX:110987987	72	9	2	0	2
chrX:114425494	314	19	2	0	2
chrX:114425534	310	10	2	0	2
chrX:114425715	1647	22	2	0	2
chrX:114425797	600	13	2	0	2
chrX:114425802	1087	23	2	0	2
chrX:114425911	629	9	2	0	2
chrX:114425915	567	33	2	0	2
chrX:114425930	614	9	2	0	2
chrX:114425937	618	7	2	0	2
chrX:114426031	500	21	2	0	2
chrX:114426032	507	18	2	0	2
chrX:114426047	539	10	2	0	2
chrX:114426097	564	6	2	0	2
chrX:114426102	530	23	2	0	2
chrX:114426119	522	25	2	0	2
chrX:114426145	489	19	2	0	2
chrX:114426152	496	28	2	0	2
chrX:114426176	461	8	2	0	2
chrX:114426179	478	8	2	0	2
chrX:114426183	437	9	2	0	2
chrX:114426192	425	9	2	0	2
chrX:114426295	395	5	2	0	2
chrX:114426315	368	18	2	0	2
chrX:114426361	373	7	2	0	2
chrX:114426569	318	12	2	0	2
chrX:114426583	332	8	2	0	2
chrX:123526155	104	5	2	0	2
chrX:129147863	104	8	2	0	2
chrX:13680814	227	9	2	0	2
chrX:140994424	671	7	2	0	2
chrX:140994462	658	18	2	0	2
chrX:140994490	636	23	2	0	2
chrX:140994820	254	15	2	0	2
chrX:151870055	410	9	2	0	2
chrX:151870145	399	10	2	0	2
chrX:153008675	169	11	2	0	2
chrX:153008708	186	9	2	0	2
chrX:153008710	195	9	2	0	2
chrX:153008712	194	9	2	0	2
chrX:153008723	196	9	2	0	2
chrX:153008731	198	9	2	0	2
chrX:153008984	180	6	2	0	2
chrX:153009017	192	6	2	0	2
chrX:153009027	204	6	2	0	2
chrX:153009030	209	6	2	0	2
chrX:153009044	199	6	2	0	2
chrX:154134846	153	7	2	0	2
chrX:30327145	308	26	2	0	2
chrX:30327149	314	26	2	0	2
chrX:30327259	332	10	2	0	2
chrX:30327270	337	13	2	0	2
chrX:30327274	333	14	2	0	2
chrX:30327298	333	6	2	0	2
chrX:30327305	337	5	2	0	2
chrX:34149333	300	6	2	0	2
chrX:34149425	321	5	2	0	2
chrX:34961835	381	11	2	0	2
chrX:34961921	333	6	2	0	2
chrX:34961924	326	8	2	0	2
chrX:37027554	407	16	2	0	2
chrX:37027626	401	6	2	0	2
chrX:37027766	457	11	2	0	2
chrX:37027806	452	26	2	0	2
chrX:37027998	644	29	2	0	2
chrX:37028007	642	30	2	0	2
chrX:37028026	636	48	2	0	2
chrX:37028182	281	5	2	0	2
chrX:37028186	285	8	2	0	2
chrX:37028398	324	27	2	0	2
chrX:37028816	353	9	2	0	2
chrX:38080003	149	5	2	0	2
chrX:38145494	161	33	2	0	2
chrX:38145591	184	20	2	0	2
chrX:38145693	626	57	2	0	2
chrX:49179717	291	12	2	0	2
chrX:50053963	279	7	2	0	2
chrX:50054262	201	7	2	0	2
chrX:51076024	351	8	2	0	2
chrX:51076081	340	7	2	0	2
chrX:51076083	341	7	2	0	2
chrX:53592160	99	12	2	0	2
chrX:54956098	254	10	2	0	2
chrX:54956104	254	9	2	0	2
chrX:57618524	253	8	2	0	2
chrX:57618703	446	9	2	0	2
chrX:57618713	443	6	2	0	2
chrX:57618726	345	5	2	0	2
chrX:57619114	422	5	2	0	2
chrX:57936441	206	17	2	0	2
chrX:70360648	220	8	2	0	2
chrX:70823582	645	14	2	0	2
chrX:70823604	694	25	2	0	2
chrX:70823612	701	20	2	0	2
chrX:70823781	717	43	2	0	2
chrX:70823826	539	35	2	0	2
chrX:70823828	542	35	2	0	2
chrX:70823861	855	107	2	0	2
chrX:70823980	647	16	2	0	2
chrX:75648860	307	18	2	0	2
chrX:75649055	304	10	2	0	2
chrX:75649062	290	12	2	0	2
chrX:75649269	318	14	2	0	2
chrX:7811817	765	39	2	0	2
chrX:83616527	71	6	2	0	2
chr1:109823654	128	12	2	0	2
chr1:110607468	110	11	2	0	2
chr1:117122289	175	6	2	0	2
chr1:120165716	210	15	2	0	2
chr1:120166238	167	5	2	0	2
chr1:12853530	389	9	2	0	2
chr1:12854370	410	12	2	0	2
chr1:12854401	374	46	2	0	2
chr1:12854510	317	14	2	0	2
chr1:12855752	405	47	2	0	2
chr1:12887606	456	12	2	0	2
chr1:12887612	431	17	2	0	2
chr1:12907701	326	18	2	0	2
chr1:12907708	310	23	2	0	2
chr1:12919642	405	30	2	0	2
chr1:12919672	412	32	2	0	2
chr1:12919682	402	33	2	0	2
chr1:12939546	710	15	2	0	2
chr1:12939652	528	12	2	0	2
chr1:12939733	530	80	2	0	2
chr1:13036764	115	23	2	0	2
chr1:13183833	183	19	2	0	2
chr1:148004732	74	10	2	0	2
chr1:150482162	112	14	2	0	2
chr1:152080653	424	7	2	0	2
chr1:152080658	415	11	2	0	2
chr1:152080683	416	16	2	0	2
chr1:152080744	516	19	2	0	2
chr1:152080783	547	7	2	0	2
chr1:152080869	1354	172	2	0	2
chr1:152080989	619	16	2	0	2
chr1:152080995	620	11	2	0	2
chr1:152081033	622	9	2	0	2
chr1:152081037	602	15	2	0	2
chr1:152081043	605	20	2	0	2
chr1:152081217	459	30	2	0	2
chr1:152082220	616	18	2	0	2
chr1:152082286	833	30	2	0	2
chr1:152082320	843	26	2	0	2
chr1:152082360	1252	59	2	0	2
chr1:152082364	672	40	2	0	2
chr1:152082400	810	15	2	0	2
chr1:152082410	834	21	2	0	2
chr1:152082426	851	12	2	0	2
chr1:152082428	853	8	2	0	2
chr1:152082449	758	52	2	0	2
chr1:152082466	803	31	2	0	2
chr1:152082500	780	55	2	0	2
chr1:152082543	829	26	2	0	2
chr1:152082606	777	32	2	0	2
chr1:152082647	692	34	2	0	2
chr1:152082760	661	21	2	0	2
chr1:152082822	615	37	2	0	2
chr1:152083690	380	19	2	0	2
chr1:152083734	435	52	2	0	2
chr1:152083739	443	10	2	0	2
chr1:152083763	501	6	2	0	2
chr1:152083890	479	25	2	0	2
chr1:152083965	568	55	2	0	2
chr1:152084047	537	30	2	0	2
chr1:152084076	551	48	2	0	2
chr1:152084160	664	22	2	0	2
chr1:152084172	608	29	2	0	2
chr1:152084192	581	14	2	0	2
chr1:152084209	573	7	2	0	2
chr1:152084256	636	42	2	0	2
chr1:152084379	530	27	2	0	2
chr1:152127956	601	5	2	0	2
chr1:152127961	620	5	2	0	2
chr1:152127963	609	5	2	0	2
chr1:152127999	633	31	2	0	2
chr1:152128013	622	33	2	0	2
chr1:152128054	673	33	2	0	2
chr1:152128065	704	12	2	0	2
chr1:152128232	540	80	2	0	2
chr1:152128317	492	48	2	0	2
chr1:152128354	476	14	2	0	2
chr1:152186877	460	9	2	0	2
chr1:152187204	1037	24	2	0	2
chr1:152187437	624	38	2	0	2
chr1:152188015	631	14	2	0	2
chr1:152188125	843	10	2	0	2
chr1:152188206	1022	16	2	0	2
chr1:152188225	1004	8	2	0	2
chr1:152189272	49	5	2	0	2
chr1:152276368	599	8	2	0	2
chr1:152276386	579	8	2	0	2
chr1:152276761	551	44	2	0	2
chr1:152276770	572	27	2	0	2
chr1:152276777	570	14	2	0	2
chr1:152276782	576	8	2	0	2
chr1:152278306	178	6	2	0	2
chr1:152278434	416	22	2	0	2
chr1:152278548	486	5	2	0	2
chr1:152278560	476	5	2	0	2
chr1:152278594	597	5	2	0	2
chr1:152278762	1036	39	2	0	2
chr1:152278768	1105	35	2	0	2
chr1:152278771	1125	33	2	0	2
chr1:152278775	1119	27	2	0	2
chr1:152278788	1147	16	2	0	2
chr1:152279019	872	275	2	0	2
chr1:152279058	789	13	2	0	2
chr1:152279065	730	13	2	0	2
chr1:152279084	573	7	2	0	2
chr1:152281635	594	33	2	0	2
chr1:152284606	659	15	2	0	2
chr1:152284623	631	5	2	0	2
chr1:152284629	608	5	2	0	2
chr1:152284806	483	16	2	0	2
chr1:152284814	473	12	2	0	2
chr1:152284823	455	11	2	0	2
chr1:152323939	509	18	2	0	2
chr1:152323970	509	12	2	0	2
chr1:152324086	510	5	2	0	2
chr1:152324182	486	26	2	0	2
chr1:152324371	334	26	2	0	2
chr1:152324407	352	9	2	0	2
chr1:152325523	290	8	2	0	2
chr1:152325542	293	10	2	0	2
chr1:152325807	329	5	2	0	2
chr1:152325809	329	5	2	0	2
chr1:152325979	388	8	2	0	2
chr1:152327048	371	12	2	0	2
chr1:152327238	486	12	2	0	2
chr1:152327810	566	37	2	0	2
chr1:152327834	547	17	2	0	2
chr1:152327982	474	10	2	0	2
chr1:152328192	571	15	2	0	2
chr1:152328222	535	21	2	0	2
chr1:152328400	1415	246	2	0	2
chr1:152328507	813	14	2	0	2
chr1:152328510	784	27	2	0	2
chr1:152382569	218	20	2	0	2
chr1:152760020	431	6	2	0	2
chr1:152760050	363	10	2	0	2
chr1:152770474	433	13	2	0	2
chr1:152882859	229	10	2	0	2
chr1:152882861	230	10	2	0	2
chr1:152883077	679	44	2	0	2
chr1:152883269	633	34	2	0	2
chr1:152883347	556	25	2	0	2
chr1:152883353	552	20	2	0	2
chr1:152883463	418	26	2	0	2
chr1:153233741	284	14	2	0	2
chr1:153234115	263	5	2	0	2
chr1:154574328	223	9	2	0	2
chr1:156639697	159	11	2	0	2
chr1:159283530	166	9	2	0	2
chr1:159283538	159	9	2	0	2
chr1:161495096	193	6	2	0	2
chr1:161495788	184	12	2	0	2
chr1:169510328	375	36	2	0	2
chr1:169510367	418	23	2	0	2
chr1:169510399	447	6	2	0	2
chr1:169510422	424	29	2	0	2
chr1:169510463	406	29	2	0	2
chr1:169510576	490	14	2	0	2
chr1:169510577	469	27	2	0	2
chr1:169510581	479	13	2	0	2
chr1:169510603	444	19	2	0	2
chr1:17085373	457	18	2	0	2
chr1:17086000	269	13	2	0	2
chr1:17272068	182	5	2	0	2
chr1:179078179	118	9	2	0	2
chr1:186275904	237	11	2	0	2
chr1:186275931	239	23	2	0	2
chr1:186276075	476	29	2	0	2
chr1:186276189	186	27	2	0	2
chr1:186276240	190	25	2	0	2
chr1:186276330	269	14	2	0	2
chr1:186276357	238	29	2	0	2
chr1:186276366	252	12	2	0	2
chr1:186276382	226	28	2	0	2
chr1:186276405	228	21	2	0	2
chr1:186276495	278	13	2	0	2
chr1:186276562	192	12	2	0	2
chr1:186276571	200	10	2	0	2
chr1:186276585	159	27	2	0	2
chr1:186276595	220	11	2	0	2
chr1:186276624	253	20	2	0	2
chr1:186276681	289	25	2	0	2
chr1:186276684	282	34	2	0	2
chr1:186276855	296	31	2	0	2
chr1:186277277	217	19	2	0	2
chr1:186277317	220	26	2	0	2
chr1:200080444	70	7	2	0	2
chr1:200080447	71	7	2	0	2
chr1:201178768	836	79	2	0	2
chr1:201178844	638	28	2	0	2
chr1:201179120	318	27	2	0	2
chr1:201179761	360	22	2	0	2
chr1:201179822	750	109	2	0	2
chr1:201179893	530	11	2	0	2
chr1:201179896	494	35	2	0	2
chr1:201180378	568	34	2	0	2
chr1:201180393	601	19	2	0	2
chr1:201180570	822	54	2	0	2
chr1:201180767	481	29	2	0	2
chr1:224621760	341	5	2	0	2
chr1:226352503	100	11	2	0	2
chr1:235938383	78	10	2	0	2
chr1:235938386	77	11	2	0	2
chr1:240256067	296	8	2	0	2
chr1:240370875	139	13	2	0	2
chr1:243480176	89	9	2	0	2
chr1:26671420	533	24	2	0	2
chr1:26671505	418	21	2	0	2
chr1:26671594	468	29	2	0	2
chr1:26671617	458	19	2	0	2
chr1:33237892	92	7	2	0	2
chr1:38227150	227	7	2	0	2
chr1:39878938	438	34	2	0	2
chr1:39878977	242	28	2	0	2
chr1:39879328	219	42	2	0	2
chr1:39879629	621	19	2	0	2
chr1:39879689	509	16	2	0	2
chr1:39879706	491	18	2	0	2
chr1:39879722	488	15	2	0	2
chr1:43850152	133	7	2	0	2
chr1:47395874	152	6	2	0	2
chr1:47610332	268	18	2	0	2
chr1:6501032	110	5	2	0	2
chr1:6505819	36	5	2	0	2
chr1:8384564	115	8	2	0	2
chr1:8384569	122	7	2	0	2
chr1:8384582	128	6	2	0	2
chr1:89448378	198	5	2	0	2
chr1:89448383	206	5	2	0	2
chr1:89448389	201	5	2	0	2
chr1:89448717	222	5	2	0	2
chr1:89448841	236	5	2	0	2
chr1:89448868	246	8	2	0	2
chr1:89448896	246	11	2	0	2
chr1:89448913	259	13	2	0	2
chr1:89448924	261	13	2	0	2
chr1:89448940	269	9	2	0	2
chr1:89448963	247	6	2	0	2
chr1:89449001	256	5	2	0	2
chr1:89449003	249	6	2	0	2
chr1:89449011	245	6	2	0	2
chr1:89449029	240	16	2	0	2
chr1:89449037	236	17	2	0	2
chr1:89449117	246	15	2	0	2
chr1:89449135	236	8	2	0	2
chr1:89449141	227	5	2	0	2
chr1:89449229	233	5	2	0	2
chr1:89449237	229	6	2	0	2
chr2:106717572	95	6	2	0	2
chr2:107049447	148	16	2	0	2
chr2:109382170	310	6	2	0	2
chr2:129025928	175	5	2	0	2
chr2:130872540	165	5	2	0	2
chr2:131976086	1511	58	2	0	2
chr2:131976151	698	18	2	0	2
chr2:131976173	845	30	2	0	2
chr2:132290242	274	7	2	0	2
chr2:152348747	108	5	2	0	2
chr2:164467320	197	10	2	0	2
chr2:164467322	203	10	2	0	2
chr2:164467326	207	7	2	0	2
chr2:164467330	198	7	2	0	2
chr2:164467333	199	7	2	0	2
chr2:164467336	201	7	2	0	2
chr2:164467339	206	7	2	0	2
chr2:164467344	202	7	2	0	2
chr2:164467347	197	7	2	0	2
chr2:164467480	183	14	2	0	2
chr2:165365297	87	14	2	0	2
chr2:170366487	151	5	2	0	2
chr2:170366490	153	5	2	0	2
chr2:170366493	156	5	2	0	2
chr2:172546756	49	9	2	0	2
chr2:179517392	348	19	2	0	2
chr2:179517462	309	9	2	0	2
chr2:179517585	300	24	2	0	2
chr2:179517975	411	7	2	0	2
chr2:179518001	407	18	2	0	2
chr2:18765869	344	5	2	0	2
chr2:220336980	113	9	2	0	2
chr2:224463460	232	16	2	0	2
chr2:233244937	274	5	2	0	2
chr2:234681152	954	6	2	0	2
chr2:234681160	902	6	2	0	2
chr2:235949827	190	7	2	0	2
chr2:27804161	261	5	2	0	2
chr2:27804518	573	34	2	0	2
chr2:27804607	622	40	2	0	2
chr2:27804714	763	52	2	0	2
chr2:27804738	753	31	2	0	2
chr2:48809191	387	16	2	0	2
chr2:48809194	389	20	2	0	2
chr2:48809198	389	14	2	0	2
chr2:48818792	246	7	2	0	2
chr2:71795452	147	6	2	0	2
chr2:85554274	400	6	2	0	2
chr2:85554281	411	10	2	0	2
chr2:85554397	398	13	2	0	2
chr2:85554438	414	20	2	0	2
chr2:85571180	157	12	2	0	2
chr2:96521020	145	5	2	0	2
chr2:96521418	406	15	2	0	2
chr2:96521438	392	9	2	0	2
chr2:96521448	400	5	2	0	2
chr2:96521512	366	7	2	0	2
chr2:96521548	400	13	2	0	2
chr2:96521556	407	13	2	0	2
chr2:96521563	400	13	2	0	2
chr2:96578022	169	6	2	0	2
chr2:96578024	170	7	2	0	2
chr2:96578026	180	5	2	0	2
chr2:96578030	179	5	2	0	2
chr2:97845607	190	9	2	0	2
chr2:97845609	197	13	2	0	2
chr2:97845612	200	13	2	0	2
chr3:10114944	87	10	2	0	2
chr3:149260194	162	5	2	0	2
chr3:160156380	151	13	2	0	2
chr3:170198556	220	5	2	0	2
chr3:172607404	122	7	2	0	2
chr3:195505753	424	18	2	0	2
chr3:195505762	411	19	2	0	2
chr3:195505786	369	31	2	0	2
chr3:195507472	334	21	2	0	2
chr3:195507893	1284	7	2	0	2
chr3:195507899	1268	5	2	0	2
chr3:195507902	1254	7	2	0	2
chr3:195508166	2303	11	2	0	2
chr3:195508215	1399	114	2	0	2
chr3:195508284	1517	48	2	0	2
chr3:195508344	1281	13	2	0	2
chr3:195508586	353	67	2	0	2
chr3:195508790	134	14	2	0	2
chr3:195508902	318	26	2	0	2
chr3:195508984	573	11	2	0	2
chr3:195508997	639	19	2	0	2
chr3:195509006	659	9	2	0	2
chr3:195509012	652	7	2	0	2
chr3:195509027	639	26	2	0	2
chr3:195509052	670	32	2	0	2
chr3:195509106	544	23	2	0	2
chr3:195509346	655	35	2	0	2
chr3:195510005	540	49	2	0	2
chr3:195510131	817	25	2	0	2
chr3:195510176	534	9	2	0	2
chr3:195510192	388	5	2	0	2
chr3:195510933	894	138	2	0	2
chr3:195510990	1606	46	2	0	2
chr3:195511043	1526	32	2	0	2
chr3:195511051	1452	91	2	0	2
chr3:195511070	1517	59	2	0	2
chr3:195511076	1537	12	2	0	2
chr3:195511091	1534	10	2	0	2
chr3:195511131	1604	66	2	0	2
chr3:195511156	1614	36	2	0	2
chr3:195511637	1025	31	2	0	2
chr3:195511656	1247	39	2	0	2
chr3:195511694	1536	55	2	0	2
chr3:195511836	1265	130	2	0	2
chr3:195512185	1094	56	2	0	2
chr3:195512355	1285	18	2	0	2
chr3:195512370	1205	32	2	0	2
chr3:195512405	1300	25	2	0	2
chr3:195512446	1851	35	2	0	2
chr3:195512459	1406	9	2	0	2
chr3:195512462	1404	11	2	0	2
chr3:195512472	1363	22	2	0	2
chr3:195512501	1415	13	2	0	2
chr3:195512507	1417	11	2	0	2
chr3:195512516	1396	15	2	0	2
chr3:195512520	1413	12	2	0	2
chr3:195512555	1335	38	2	0	2
chr3:195512569	1265	36	2	0	2
chr3:195512612	1222	24	2	0	2
chr3:195512645	1295	38	2	0	2
chr3:195512651	1334	34	2	0	2
chr3:195512654	1261	69	2	0	2
chr3:195512674	1313	91	2	0	2
chr3:195512750	1765	59	2	0	2
chr3:195512771	1707	47	2	0	2
chr3:195512798	1536	23	2	0	2
chr3:195512809	1423	60	2	0	2
chr3:195512837	1421	34	2	0	2
chr3:195512900	1462	26	2	0	2
chr3:195512901	1348	86	2	0	2
chr3:195512917	1495	27	2	0	2
chr3:195512933	1379	70	2	0	2
chr3:195512942	1422	45	2	0	2
chr3:195512953	1459	15	2	0	2
chr3:195512990	1428	57	2	0	2
chr3:195513010	1446	25	2	0	2
chr3:195513051	1359	25	2	0	2
chr3:195513136	1316	12	2	0	2
chr3:195513179	1071	16	2	0	2
chr3:195513275	1001	12	2	0	2
chr3:195513278	970	11	2	0	2
chr3:195513289	894	29	2	0	2
chr3:195513323	937	8	2	0	2
chr3:195513339	878	31	2	0	2
chr3:195513346	902	26	2	0	2
chr3:195513515	749	66	2	0	2
chr3:195513990	410	29	2	0	2
chr3:195514982	80	7	2	0	2
chr3:195515194	1169	100	2	0	2
chr3:195515198	1282	38	2	0	2
chr3:195515218	1467	56	2	0	2
chr3:195515242	1412	73	2	0	2
chr3:195515459	346	21	2	0	2
chr3:39230866	119	27	2	0	2
chr3:42679035	154	5	2	0	2
chr3:49722702	216	11	2	0	2
chr3:49723104	231	5	2	0	2
chr3:49723542	272	6	2	0	2
chr3:49723545	272	9	2	0	2
chr3:49723551	286	6	2	0	2
chr3:49723881	237	5	2	0	2
chr3:49759388	161	9	2	0	2
chr3:50332907	140	5	2	0	2
chr4:103826788	85	5	2	0	2
chr4:103826795	87	5	2	0	2
chr4:103870578	76	7	2	0	2
chr4:1388369	620	5	2	0	2
chr4:1388398	626	7	2	0	2
chr4:1388481	727	12	2	0	2
chr4:1388697	380	20	2	0	2
chr4:1389007	161	9	2	0	2
chr4:1389008	161	9	2	0	2
chr4:1389304	512	35	2	0	2
chr4:1389436	683	29	2	0	2
chr4:1389444	679	20	2	0	2
chr4:141446626	101	9	2	0	2
chr4:141446632	105	9	2	0	2
chr4:16597465	80	7	2	0	2
chr4:175899001	276	25	2	0	2
chr4:175899137	236	23	2	0	2
chr4:190878636	127	5	2	0	2
chr4:265139	292	13	2	0	2
chr4:30724394	209	12	2	0	2
chr4:71347270	455	32	2	0	2
chr4:71347363	390	9	2	0	2
chr4:80328956	192	5	2	0	2
chr4:88536079	1186	104	2	0	2
chr4:88536609	1536	39	2	0	2
chr4:88537349	1335	168	2	0	2
chr4:88537351	1371	131	2	0	2
chr4:88537402	1392	12	2	0	2
chr4:88537403	1356	15	2	0	2
chr4:88537411	1322	12	2	0	2
chr4:88537426	1092	148	2	0	2
chr4:94750870	186	7	2	0	2
chr4:9784853	217	6	2	0	2
chr5:137801633	174	5	2	0	2
chr5:140475796	585	18	2	0	2
chr5:140476160	558	40	2	0	2
chr5:140476273	706	11	2	0	2
chr5:140476285	700	6	2	0	2
chr5:140476767	221	12	2	0	2
chr5:140482210	707	56	2	0	2
chr5:140502997	644	8	2	0	2
chr5:140503002	642	9	2	0	2
chr5:140568538	834	12	2	0	2
chr5:140568922	793	25	2	0	2
chr5:140580947	780	12	2	0	2
chr5:140594149	282	12	2	0	2
chr5:140594169	292	16	2	0	2
chr5:140594182	283	19	2	0	2
chr5:140594466	283	10	2	0	2
chr5:140594470	282	7	2	0	2
chr5:140594775	279	5	2	0	2
chr5:140595682	624	6	2	0	2
chr5:140682829	263	9	2	0	2
chr5:140682836	255	9	2	0	2
chr5:140682837	247	10	2	0	2
chr5:140682838	243	11	2	0	2
chr5:140712389	520	21	2	0	2
chr5:140795209	181	13	2	0	2
chr5:147499875	92	6	2	0	2
chr5:149216400	160	7	2	0	2
chr5:175305922	155	5	2	0	2
chr5:176963580	179	9	2	0	2
chr5:176963589	178	11	2	0	2
chr5:176963594	169	11	2	0	2
chr5:176963597	163	11	2	0	2
chr5:178552040	195	13	2	0	2
chr5:23526854	759	19	2	0	2
chr5:23526978	342	23	2	0	2
chr5:36136508	103	6	2	0	2
chr5:36136516	102	6	2	0	2
chr5:36136518	100	5	2	0	2
chr5:45645694	63	6	2	0	2
chr5:70805840	213	6	2	0	2
chr5:94620173	141	5	2	0	2
chr6:132030081	191	5	2	0	2
chr6:150048310	114	5	2	0	2
chr6:158924279	214	12	2	0	2
chr6:159660689	200	6	2	0	2
chr6:168376840	164	11	2	0	2
chr6:170627674	442	136	2	0	2
chr6:170627739	452	25	2	0	2
chr6:27114224	443	23	2	0	2
chr6:43034856	99	9	2	0	2
chr6:43034865	109	6	2	0	2
chr6:43596852	110	7	2	0	2
chr6:74227952	179	11	2	0	2
chr7:100349637	410	24	2	0	2
chr7:100349654	385	27	2	0	2
chr7:100349658	381	26	2	0	2
chr7:100350159	637	28	2	0	2
chr7:100350268	638	35	2	0	2
chr7:100350285	655	19	2	0	2
chr7:100350361	510	62	2	0	2
chr7:100350424	524	182	2	0	2
chr7:100350453	550	48	2	0	2
chr7:100350500	602	15	2	0	2
chr7:100350517	723	35	2	0	2
chr7:100350550	583	61	2	0	2
chr7:100350579	576	34	2	0	2
chr7:100350592	538	72	2	0	2
chr7:100350621	505	44	2	0	2
chr7:100634763	309	5	2	0	2
chr7:100636066	506	27	2	0	2
chr7:100638200	123	12	2	0	2
chr7:100642310	825	12	2	0	2
chr7:100642828	250	14	2	0	2
chr7:100642871	253	11	2	0	2
chr7:100643272	704	32	2	0	2
chr7:100643292	747	26	2	0	2
chr7:100643868	1534	21	2	0	2
chr7:100643877	1532	16	2	0	2
chr7:100643893	1615	9	2	0	2
chr7:100643895	1614	9	2	0	2
chr7:100643907	1577	5	2	0	2
chr7:100644394	361	26	2	0	2
chr7:100645781	1156	23	2	0	2
chr7:100646938	177	9	2	0	2
chr7:100647117	396	28	2	0	2
chr7:100647126	396	24	2	0	2
chr7:100647142	360	14	2	0	2
chr7:100647144	351	12	2	0	2
chr7:100675359	271	5	2	0	2
chr7:100675376	289	6	2	0	2
chr7:100675381	290	5	2	0	2
chr7:100676081	373	5	2	0	2
chr7:100676084	399	5	2	0	2
chr7:100676086	378	7	2	0	2
chr7:100676109	385	8	2	0	2
chr7:100676246	543	15	2	0	2
chr7:100676663	511	17	2	0	2
chr7:100677357	1281	225	2	0	2
chr7:100679633	501	9	2	0	2
chr7:100680348	280	7	2	0	2
chr7:100681278	553	11	2	0	2
chr7:100681292	563	11	2	0	2
chr7:100681962	537	8	2	0	2
chr7:100681979	551	11	2	0	2
chr7:100681981	535	20	2	0	2
chr7:100682117	564	48	2	0	2
chr7:100682128	606	7	2	0	2
chr7:100682522	634	6	2	0	2
chr7:100682680	535	8	2	0	2
chr7:100682685	545	6	2	0	2
chr7:100683008	549	11	2	0	2
chr7:100683020	530	13	2	0	2
chr7:100683028	529	5	2	0	2
chr7:100683161	1525	22	2	0	2
chr7:100683179	749	12	2	0	2
chr7:100683382	559	13	2	0	2
chr7:100683770	595	10	2	0	2
chr7:100683775	600	7	2	0	2
chr7:100684086	560	8	2	0	2
chr7:100684124	551	10	2	0	2
chr7:100684131	557	7	2	0	2
chr7:100684186	491	80	2	0	2
chr7:100684199	508	35	2	0	2
chr7:100684780	539	9	2	0	2
chr7:100684810	516	9	2	0	2
chr7:100684932	429	6	2	0	2
chr7:100684944	422	13	2	0	2
chr7:100684947	444	8	2	0	2
chr7:100684969	429	18	2	0	2
chr7:101988840	198	21	2	0	2
chr7:101988999	1204	69	2	0	2
chr7:142459694	203	12	2	0	2
chr7:143269952	173	11	2	0	2
chr7:143964475	102	11	2	0	2
chr7:144070338	119	7	2	0	2
chr7:20824949	182	10	2	0	2
chr7:20824951	187	10	2	0	2
chr7:20824953	185	11	2	0	2
chr7:20824954	186	10	2	0	2
chr7:20824956	183	9	2	0	2
chr7:20824958	184	7	2	0	2
chr7:20824964	185	5	2	0	2
chr7:26411610	102	6	2	0	2
chr7:26411613	101	6	2	0	2
chr7:44047000	738	11	2	0	2
chr7:44146267	223	9	2	0	2
chr7:44192015	103	16	2	0	2
chr7:51150846	66	6	2	0	2
chr7:55241707	126	12	2	0	2
chr7:55259524	139	17	2	0	2
chr7:64438858	239	7	2	0	2
chr7:64863903	261	5	2	0	2
chr7:64864193	230	5	2	0	2
chr7:64864203	223	6	2	0	2
chr7:6647707	93	21	2	0	2
chr7:6692420	243	6	2	0	2
chr7:6692423	248	7	2	0	2
chr7:6692429	243	6	2	0	2
chr7:6692440	222	8	2	0	2
chr7:75028240	323	16	2	0	2
chr8:101721951	145	5	2	0	2
chr8:102676729	37	6	2	0	2
chr8:10464920	418	20	2	0	2
chr8:10464927	431	15	2	0	2
chr8:10464982	520	28	2	0	2
chr8:10465022	487	38	2	0	2
chr8:10465078	483	24	2	0	2
chr8:10465118	433	27	2	0	2
chr8:10465152	425	48	2	0	2
chr8:10465179	398	54	2	0	2
chr8:10465317	315	21	2	0	2
chr8:10465593	253	15	2	0	2
chr8:10465751	253	14	2	0	2
chr8:110520386	75	11	2	0	2
chr8:11188676	410	8	2	0	2
chr8:11188692	416	9	2	0	2
chr8:11188719	400	6	2	0	2
chr8:11188748	416	9	2	0	2
chr8:11188806	387	18	2	0	2
chr8:11189125	482	8	2	0	2
chr8:11189132	488	12	2	0	2
chr8:11189142	475	17	2	0	2
chr8:134488021	205	5	2	0	2
chr8:144358478	225	6	2	0	2
chr8:144358483	220	6	2	0	2
chr8:144378460	427	13	2	0	2
chr8:144378464	436	10	2	0	2
chr8:144940597	1135	133	2	0	2
chr8:145998753	260	8	2	0	2
chr8:145998756	265	7	2	0	2
chr8:145998765	275	6	2	0	2
chr8:145998769	270	8	2	0	2
chr8:20038388	119	5	2	0	2
chr8:22974405	356	14	2	0	2
chr8:52732958	133	6	2	0	2
chr8:52732972	131	6	2	0	2
chr8:52733110	162	5	2	0	2
chr8:52733144	184	9	2	0	2
chr8:53573515	91	5	2	0	2
chr8:53573522	86	8	2	0	2
chr8:53573524	85	5	2	0	2
chr8:623447	736	66	2	0	2
chr8:623507	347	8	2	0	2
chr8:623518	352	5	2	0	2
chr8:623675	292	16	2	0	2
chr8:77765283	35	5	2	0	2
chr8:87656079	61	8	2	0	2
chr9:107367653	235	6	2	0	2
chr9:107367663	232	8	2	0	2
chr9:107367665	232	9	2	0	2
chr9:107367674	219	9	2	0	2
chr9:107367704	212	16	2	0	2
chr9:109689710	134	14	2	0	2
chr9:124535570	149	26	2	0	2
chr9:124535591	148	16	2	0	2
chr9:124535594	153	14	2	0	2
chr9:124535602	150	7	2	0	2
chr9:125486583	272	6	2	0	2
chr9:127566543	87	13	2	0	2
chr9:127566546	90	13	2	0	2
chr9:127566549	93	12	2	0	2
chr9:127566552	92	11	2	0	2
chr9:127566555	86	10	2	0	2
chr9:130207140	381	21	2	0	2
chr9:130493097	310	5	2	0	2
chr9:130493106	304	8	2	0	2
chr9:130493108	306	7	2	0	2
chr9:130493121	305	5	2	0	2
chr9:136918523	118	21	2	0	2
chr9:136918528	127	13	2	0	2
chr9:21166515	453	5	2	0	2
chr9:21187197	473	29	2	0	2
chr9:21202040	359	14	2	0	2
chr9:21202073	309	15	2	0	2
chr9:21202105	278	15	2	0	2
chr9:21216761	408	11	2	0	2
chr9:21216765	404	11	2	0	2
chr9:21216769	405	17	2	0	2
chr9:21216772	426	11	2	0	2
chr9:21227629	341	9	2	0	2
chr9:21227633	336	9	2	0	2
chr9:21227637	342	9	2	0	2
chr9:33385828	118	12	2	0	2
chr9:33799031	101	6	2	0	2
chr9:40702669	155	9	2	0	2
chr9:69423983	114	6	2	0	2
chr9:69424030	149	5	2	0	2
chr9:90535442	579	8	2	0	2
chr9:96422665	112	11	2	0	2
chr9:96422671	120	11	2	0	2
chr9:97063154	407	27	2	0	2
chr9:97063158	425	13	2	0	2
chr9:97088026	248	5	2	0	2
chr10:129906075	154	5	2	0	2
chr10:135438891	389	8	2	0	2
chr10:135438961	575	10	2	0	2
chr10:135438978	373	184	2	0	2
chr10:135438980	563	10	2	0	2
chr10:46322245	145	11	2	0	2
chr10:46322375	236	10	2	0	2
chr10:62332230	131	6	2	0	2
chr10:62332235	131	5	2	0	2
chr10:72014720	186	5	2	0	2
chr10:75435239	308	9	2	0	2
chr10:75435673	401	16	2	0	2
chr10:76788645	134	5	2	0	2
chr10:77159848	225	12	2	0	2
chr10:77159854	227	10	2	0	2
chr10:93345	215	9	2	0	2
chr10:93394	234	29	2	0	2
chr10:93465	224	5	2	0	2
chr10:93505	187	11	2	0	2
chr10:93559	211	6	2	0	2
chr10:93744	253	10	2	0	2
chr10:94005	220	6	2	0	2
chr10:94006	220	7	2	0	2
chr11:1016684	568	23	2	0	2
chr11:1016690	589	9	2	0	2
chr11:1016696	575	32	2	0	2
chr11:1016707	617	13	2	0	2
chr11:1016708	613	9	2	0	2
chr11:1016712	622	5	2	0	2
chr11:1016713	470	117	2	0	2
chr11:1016714	626	5	2	0	2
chr11:1016715	610	16	2	0	2
chr11:1016719	613	16	2	0	2
chr11:1016720	619	5	2	0	2
chr11:1016721	619	16	2	0	2
chr11:1016766	613	8	2	0	2
chr11:1016779	650	17	2	0	2
chr11:1016789	684	17	2	0	2
chr11:1016800	692	23	2	0	2
chr11:1016802	743	17	2	0	2
chr11:1016810	785	17	2	0	2
chr11:1016887	966	30	2	0	2
chr11:1016892	929	55	2	0	2
chr11:1016906	959	27	2	0	2
chr11:1016908	739	46	2	0	2
chr11:1016916	704	44	2	0	2
chr11:1016936	666	23	2	0	2
chr11:1016944	603	23	2	0	2
chr11:1016957	571	77	2	0	2
chr11:1016963	590	56	2	0	2
chr11:1016984	631	41	2	0	2
chr11:1016987	635	41	2	0	2
chr11:1017008	600	29	2	0	2
chr11:1017012	591	26	2	0	2
chr11:1017017	589	7	2	0	2
chr11:1017024	484	66	2	0	2
chr11:1017032	474	38	2	0	2
chr11:1017036	445	54	2	0	2
chr11:1017040	442	17	2	0	2
chr11:1017041	442	17	2	0	2
chr11:1017043	471	17	2	0	2
chr11:1017045	432	30	2	0	2
chr11:1017047	436	19	2	0	2
chr11:1017050	429	23	2	0	2
chr11:1017056	431	21	2	0	2
chr11:1017077	395	17	2	0	2
chr11:1017081	401	15	2	0	2
chr11:1017083	399	13	2	0	2
chr11:1017084	392	15	2	0	2
chr11:1017086	388	15	2	0	2
chr11:1017091	393	15	2	0	2
chr11:1017095	391	15	2	0	2
chr11:1017098	426	15	2	0	2
chr11:1017101	421	9	2	0	2
chr11:1017104	427	15	2	0	2
chr11:1017105	434	15	2	0	2
chr11:1017111	445	14	2	0	2
chr11:1017120	457	11	2	0	2
chr11:1017125	461	11	2	0	2
chr11:1017126	466	9	2	0	2
chr11:1017134	485	7	2	0	2
chr11:1017137	498	7	2	0	2
chr11:1017140	505	9	2	0	2
chr11:1017148	522	6	2	0	2
chr11:1017150	531	6	2	0	2
chr11:1017152	529	6	2	0	2
chr11:1017153	542	6	2	0	2
chr11:1017154	468	66	2	0	2
chr11:1017161	524	25	2	0	2
chr11:1017162	535	26	2	0	2
chr11:1017172	573	6	2	0	2
chr11:1017211	544	12	2	0	2
chr11:1017219	603	14	2	0	2
chr11:1017220	223	7	2	0	2
chr11:1017221	603	14	2	0	2
chr11:1017227	604	14	2	0	2
chr11:1017245	620	9	2	0	2
chr11:1017356	815	5	2	0	2
chr11:1017358	817	5	2	0	2
chr11:1017363	777	44	2	0	2
chr11:1017392	739	57	2	0	2
chr11:1017426	589	35	2	0	2
chr11:1017467	437	10	2	0	2
chr11:1017755	795	23	2	0	2
chr11:1017756	745	12	2	0	2
chr11:1017782	780	27	2	0	2
chr11:1017786	768	26	2	0	2
chr11:1017790	771	11	2	0	2
chr11:1017844	525	44	2	0	2
chr11:1017891	485	42	2	0	2
chr11:1017899	536	31	2	0	2
chr11:1017911	561	13	2	0	2
chr11:1017917	536	37	2	0	2
chr11:1017921	499	33	2	0	2
chr11:1017929	529	7	2	0	2
chr11:1017935	330	138	2	0	2
chr11:1017945	461	15	2	0	2
chr11:1017949	440	6	2	0	2
chr11:1017964	381	7	2	0	2
chr11:1017979	330	13	2	0	2
chr11:1018001	235	12	2	0	2
chr11:1018015	185	12	2	0	2
chr11:1018031	135	51	2	0	2
chr11:1018089	170	6	2	0	2
chr11:1018093	178	6	2	0	2
chr11:1018118	160	7	2	0	2
chr11:1018129	161	7	2	0	2
chr11:1018340	176	12	2	0	2
chr11:1018459	251	8	2	0	2
chr11:1018473	249	8	2	0	2
chr11:1018481	243	5	2	0	2
chr11:1092416	192	16	2	0	2
chr11:1092466	174	5	2	0	2
chr11:1092477	164	11	2	0	2
chr11:1092514	217	7	2	0	2
chr11:1092516	217	7	2	0	2
chr11:1092525	220	5	2	0	2
chr11:1092609	179	27	2	0	2
chr11:1092693	443	24	2	0	2
chr11:1092695	461	24	2	0	2
chr11:1092700	510	19	2	0	2
chr11:1092715	463	17	2	0	2
chr11:1092719	456	17	2	0	2
chr11:1093411	647	54	2	0	2
chr11:111594550	192	18	2	0	2
chr11:111594559	208	11	2	0	2
chr11:111594562	191	25	2	0	2
chr11:118770651	140	6	2	0	2
chr11:123886818	336	6	2	0	2
chr11:124135694	240	15	2	0	2
chr11:124135721	230	20	2	0	2
chr11:1265627	383	10	2	0	2
chr11:1265872	519	22	2	0	2
chr11:1266088	484	18	2	0	2
chr11:1266095	472	10	2	0	2
chr11:1266254	362	17	2	0	2
chr11:1266479	242	9	2	0	2
chr11:1268816	423	18	2	0	2
chr11:1271143	347	7	2	0	2
chr11:1271919	537	24	2	0	2
chr11:1605892	142	9	2	0	2
chr11:1605895	144	9	2	0	2
chr11:1605916	118	12	2	0	2
chr11:1605919	119	13	2	0	2
chr11:1606081	304	11	2	0	2
chr11:1606117	240	9	2	0	2
chr11:1606120	228	18	2	0	2
chr11:1606231	239	17	2	0	2
chr11:1606317	565	9	2	0	2
chr11:1629121	488	41	2	0	2
chr11:1629373	363	21	2	0	2
chr11:1642976	540	30	2	0	2
chr11:320723	137	5	2	0	2
chr11:3380465	237	6	2	0	2
chr11:55032462	202	8	2	0	2
chr11:55032500	197	8	2	0	2
chr11:55032663	247	7	2	0	2
chr11:55579068	238	15	2	0	2
chr11:55579079	237	13	2	0	2
chr11:55579329	221	6	2	0	2
chr11:57970760	169	5	2	0	2
chr11:57970851	207	5	2	0	2
chr11:618667	265	11	2	0	2
chr11:618674	266	12	2	0	2
chr11:618678	259	14	2	0	2
chr11:618683	247	22	2	0	2
chr11:618768	613	17	2	0	2
chr11:618804	395	31	2	0	2
chr11:62287393	355	5	2	0	2
chr11:62287936	529	5	2	0	2
chr11:62287939	522	5	2	0	2
chr11:62288905	434	7	2	0	2
chr11:62288908	441	7	2	0	2
chr11:62289289	533	6	2	0	2
chr11:62289292	536	7	2	0	2
chr11:62289368	511	12	2	0	2
chr11:62289415	524	8	2	0	2
chr11:62289913	479	12	2	0	2
chr11:62290118	501	7	2	0	2
chr11:62290365	539	5	2	0	2
chr11:62290387	538	8	2	0	2
chr11:62293569	378	5	2	0	2
chr11:62293573	383	6	2	0	2
chr11:62293786	482	11	2	0	2
chr11:62293804	467	11	2	0	2
chr11:62293873	458	6	2	0	2
chr11:62293957	553	6	2	0	2
chr11:62293968	539	6	2	0	2
chr11:62293996	502	5	2	0	2
chr11:62294002	568	5	2	0	2
chr11:62294998	419	7	2	0	2
chr11:62295001	416	8	2	0	2
chr11:62295006	437	6	2	0	2
chr11:62295348	510	27	2	0	2
chr11:62295549	629	14	2	0	2
chr11:62295870	593	11	2	0	2
chr11:62295897	584	19	2	0	2
chr11:62295933	541	35	2	0	2
chr11:62296098	747	43	2	0	2
chr11:62296198	669	10	2	0	2
chr11:62296271	540	11	2	0	2
chr11:62297389	303	5	2	0	2
chr11:62297710	358	12	2	0	2
chr11:62297719	365	10	2	0	2
chr11:62297758	383	9	2	0	2
chr11:62297977	479	5	2	0	2
chr11:62298315	457	7	2	0	2
chr11:62298349	381	6	2	0	2
chr11:71238656	745	5	2	0	2
chr11:71529850	214	6	2	0	2
chr11:71529854	215	6	2	0	2
chr11:72437937	176	8	2	0	2
chr11:72437942	169	10	2	0	2
chr11:77784146	96	11	2	0	2
chr12:104378698	127	9	2	0	2
chr12:109017343	330	10	2	0	2
chr12:109017346	344	10	2	0	2
chr12:109017350	317	12	2	0	2
chr12:109017408	341	23	2	0	2
chr12:109017521	383	32	2	0	2
chr12:111800801	144	18	2	0	2
chr12:11183197	441	32	2	0	2
chr12:11183202	441	31	2	0	2
chr12:11183208	441	22	2	0	2
chr12:11183236	422	12	2	0	2
chr12:11183275	449	24	2	0	2
chr12:11183296	464	24	2	0	2
chr12:11183305	455	24	2	0	2
chr12:11183340	427	15	2	0	2
chr12:11183349	437	12	2	0	2
chr12:11183354	442	18	2	0	2
chr12:11183358	451	16	2	0	2
chr12:11183365	448	21	2	0	2
chr12:11183367	450	21	2	0	2
chr12:11183371	452	26	2	0	2
chr12:11183377	444	31	2	0	2
chr12:11183387	453	40	2	0	2
chr12:11183393	450	46	2	0	2
chr12:11183888	286	14	2	0	2
chr12:11183899	279	7	2	0	2
chr12:11183901	279	5	2	0	2
chr12:11183903	276	5	2	0	2
chr12:11214001	265	10	2	0	2
chr12:11214005	284	14	2	0	2
chr12:11214025	287	19	2	0	2
chr12:11214167	294	27	2	0	2
chr12:11214199	302	11	2	0	2
chr12:11214214	307	6	2	0	2
chr12:11214619	340	14	2	0	2
chr12:11214622	333	12	2	0	2
chr12:11214795	280	8	2	0	2
chr12:11214810	249	10	2	0	2
chr12:11214840	243	19	2	0	2
chr12:11214857	233	21	2	0	2
chr12:11214870	209	17	2	0	2
chr12:11244252	280	9	2	0	2
chr12:11285909	190	18	2	0	2
chr12:11286389	313	5	2	0	2
chr12:11286393	328	5	2	0	2
chr12:11286702	293	6	2	0	2
chr12:11286713	310	7	2	0	2
chr12:11286736	289	8	2	0	2
chr12:11286745	280	8	2	0	2
chr12:11286760	265	5	2	0	2
chr12:11286797	220	7	2	0	2
chr12:11420257	261	5	2	0	2
chr12:11420262	254	7	2	0	2
chr12:11420962	308	11	2	0	2
chr12:11461387	269	15	2	0	2
chr12:11461444	257	23	2	0	2
chr12:11506716	382	27	2	0	2
chr12:11506846	167	144	2	0	2
chr12:11546072	283	40	2	0	2
chr12:122618131	124	9	2	0	2
chr12:125396680	134	7	2	0	2
chr12:125397187	494	10	2	0	2
chr12:125397472	561	19	2	0	2
chr12:125397490	559	34	2	0	2
chr12:125397589	602	22	2	0	2
chr12:125397604	620	13	2	0	2
chr12:125397610	635	13	2	0	2
chr12:125397613	621	13	2	0	2
chr12:125397652	555	22	2	0	2
chr12:125397663	559	22	2	0	2
chr12:125397667	547	22	2	0	2
chr12:125397700	566	10	2	0	2
chr12:125397703	548	26	2	0	2
chr12:125397895	719	23	2	0	2
chr12:125398009	584	22	2	0	2
chr12:125398045	550	34	2	0	2
chr12:125398123	518	32	2	0	2
chr12:125398237	466	9	2	0	2
chr12:132547093	98	7	2	0	2
chr12:132547094	98	7	2	0	2
chr12:31237967	175	11	2	0	2
chr12:40876955	359	19	2	0	2
chr12:40878021	680	34	2	0	2
chr12:40878118	1265	56	2	0	2
chr12:40878184	1063	8	2	0	2
chr12:40878271	706	32	2	0	2
chr12:40878321	648	25	2	0	2
chr12:40879648	944	34	2	0	2
chr12:40879656	590	290	2	0	2
chr12:40879693	587	39	2	0	2
chr12:40879824	543	17	2	0	2
chr12:40879852	525	13	2	0	2
chr12:40879936	672	20	2	0	2
chr12:40880205	920	12	2	0	2
chr12:40880316	1363	58	2	0	2
chr12:40880376	1251	27	2	0	2
chr12:40880422	1097	18	2	0	2
chr12:40880465	1112	14	2	0	2
chr12:40880474	1088	14	2	0	2
chr12:40880594	1347	24	2	0	2
chr12:40880728	1700	59	2	0	2
chr12:40880756	2042	63	2	0	2
chr12:40880814	1646	104	2	0	2
chr12:40880959	1439	75	2	0	2
chr12:40881127	1646	61	2	0	2
chr12:40881128	1295	61	2	0	2
chr12:40881156	1271	75	2	0	2
chr12:40881172	1269	88	2	0	2
chr12:40881175	1222	95	2	0	2
chr12:40881177	1274	91	2	0	2
chr12:40881179	1205	111	2	0	2
chr12:40881190	1266	93	2	0	2
chr12:40881205	1249	77	2	0	2
chr12:40881220	1181	40	2	0	2
chr12:40881225	1310	40	2	0	2
chr12:40881226	1252	67	2	0	2
chr12:40881228	1263	68	2	0	2
chr12:40881235	1215	70	2	0	2
chr12:40881245	1260	62	2	0	2
chr12:40881279	1297	18	2	0	2
chr12:40881340	1406	20	2	0	2
chr12:40881366	1402	6	2	0	2
chr12:40881370	1387	6	2	0	2
chr12:40881374	1366	5	2	0	2
chr12:40881557	1817	11	2	0	2
chr12:40881624	1425	40	2	0	2
chr12:40881686	1143	6	2	0	2
chr12:40881824	1152	21	2	0	2
chr12:40881897	1191	35	2	0	2
chr12:40881899	1223	35	2	0	2
chr12:40881905	1152	50	2	0	2
chr12:40882317	757	19	2	0	2
chr12:40882449	846	27	2	0	2
chr12:40882457	753	125	2	0	2
chr12:40882466	918	11	2	0	2
chr12:40882767	826	44	2	0	2
chr12:40882804	779	14	2	0	2
chr12:40882840	711	10	2	0	2
chr12:40882856	703	13	2	0	2
chr12:40882864	734	11	2	0	2
chr12:40882867	726	9	2	0	2
chr12:40882870	732	7	2	0	2
chr12:40882872	719	7	2	0	2
chr12:40883620	573	27	2	0	2
chr12:40884547	377	13	2	0	2
chr12:49426730	433	7	2	0	2
chr12:49724333	484	15	2	0	2
chr12:50746615	455	35	2	0	2
chr12:50746647	445	6	2	0	2
chr12:50746649	462	7	2	0	2
chr12:50746655	465	8	2	0	2
chr12:50746699	410	28	2	0	2
chr12:50746723	405	42	2	0	2
chr12:50746740	367	106	2	0	2
chr12:50746756	436	35	2	0	2
chr12:50746771	417	69	2	0	2
chr12:50746811	435	38	2	0	2
chr12:50747028	426	7	2	0	2
chr12:50747119	406	35	2	0	2
chr12:50747134	400	43	2	0	2
chr12:50747197	359	22	2	0	2
chr12:50747256	311	23	2	0	2
chr12:57648757	115	9	2	0	2
chr12:57648763	100	22	2	0	2
chr12:970297	78	6	2	0	2
chr13:103381989	140	11	2	0	2
chr13:103381991	147	11	2	0	2
chr13:103381993	146	11	2	0	2
chr13:103397800	163	5	2	0	2
chr13:103397805	160	5	2	0	2
chr13:103397810	153	5	2	0	2
chr13:114058223	508	25	2	0	2
chr13:114058263	376	21	2	0	2
chr13:114058275	415	14	2	0	2
chr13:114058279	415	8	2	0	2
chr13:114058326	425	24	2	0	2
chr13:114058339	448	12	2	0	2
chr13:114058384	343	8	2	0	2
chr13:114058387	343	7	2	0	2
chr13:114058531	251	23	2	0	2
chr13:114058641	421	22	2	0	2
chr13:114058731	1162	186	2	0	2
chr13:114058966	558	7	2	0	2
chr13:114058971	907	8	2	0	2
chr13:114058973	548	6	2	0	2
chr13:114058979	545	6	2	0	2
chr13:25670691	260	6	2	0	2
chr13:25670703	268	8	2	0	2
chr13:25670712	270	9	2	0	2
chr13:25670717	273	9	2	0	2
chr13:25670723	267	9	2	0	2
chr13:25670767	270	8	2	0	2
chr13:25670776	273	6	2	0	2
chr13:25670780	265	6	2	0	2
chr13:25670797	262	6	2	0	2
chr13:25670801	267	6	2	0	2
chr13:25670803	269	6	2	0	2
chr13:25670851	262	7	2	0	2
chr13:25671143	290	13	2	0	2
chr13:25671150	305	15	2	0	2
chr13:25671155	326	16	2	0	2
chr13:25671168	295	17	2	0	2
chr13:25671172	307	16	2	0	2
chr13:25671195	300	20	2	0	2
chr13:25671200	300	20	2	0	2
chr13:25671206	292	19	2	0	2
chr13:25671210	290	18	2	0	2
chr13:25671271	257	15	2	0	2
chr13:25671273	259	15	2	0	2
chr13:25671274	257	15	2	0	2
chr13:25671292	244	20	2	0	2
chr13:25671311	270	22	2	0	2
chr13:25671585	231	5	2	0	2
chr13:25671607	209	11	2	0	2
chr13:25671786	206	9	2	0	2
chr13:25671795	210	8	2	0	2
chr13:25671804	166	9	2	0	2
chr13:33344574	143	11	2	0	2
chr13:45523879	49	7	2	0	2
chr13:46170760	316	41	2	0	2
chr13:46170782	295	27	2	0	2
chr13:60686155	129	5	2	0	2
chr13:60686161	125	5	2	0	2
chr13:60686164	121	5	2	0	2
chr14:105350739	156	7	2	0	2
chr14:105350748	149	8	2	0	2
chr14:105350752	150	5	2	0	2
chr14:105410136	623	18	2	0	2
chr14:105410152	642	16	2	0	2
chr14:105410160	616	15	2	0	2
chr14:105410352	587	12	2	0	2
chr14:105410382	608	12	2	0	2
chr14:105410627	564	23	2	0	2
chr14:105410632	569	21	2	0	2
chr14:105410637	574	17	2	0	2
chr14:105410643	554	8	2	0	2
chr14:105411833	757	6	2	0	2
chr14:105411835	756	6	2	0	2
chr14:105412294	630	21	2	0	2
chr14:105412407	553	9	2	0	2
chr14:105412858	625	6	2	0	2
chr14:105412902	703	7	2	0	2
chr14:105412914	697	6	2	0	2
chr14:105413040	663	6	2	0	2
chr14:105413042	674	14	2	0	2
chr14:105413186	505	27	2	0	2
chr14:105413190	494	7	2	0	2
chr14:105413738	599	12	2	0	2
chr14:105413743	623	5	2	0	2
chr14:105413966	682	17	2	0	2
chr14:105415352	603	66	2	0	2
chr14:105415373	584	15	2	0	2
chr14:105415724	589	9	2	0	2
chr14:105415759	657	7	2	0	2
chr14:105418007	597	5	2	0	2
chr14:105418064	597	5	2	0	2
chr14:105418077	624	12	2	0	2
chr14:105418080	615	12	2	0	2
chr14:105418694	576	44	2	0	2
chr14:105418707	602	45	2	0	2
chr14:105418730	696	45	2	0	2
chr14:105418736	712	43	2	0	2
chr14:105418746	716	28	2	0	2
chr14:105418755	719	10	2	0	2
chr14:105418758	725	9	2	0	2
chr14:105418764	726	7	2	0	2
chr14:105418798	772	9	2	0	2
chr14:105418818	809	10	2	0	2
chr14:105418832	827	10	2	0	2
chr14:105418850	849	9	2	0	2
chr14:105418854	826	9	2	0	2
chr14:105418859	801	7	2	0	2
chr14:105419083	774	8	2	0	2
chr14:105419298	838	13	2	0	2
chr14:105419314	847	16	2	0	2
chr14:19553549	822	27	2	0	2
chr14:19553630	1253	93	2	0	2
chr14:19553764	265	947	2	0	2
chr14:19553819	751	10	2	0	2
chr14:20019874	2255	188	2	0	2
chr14:20019977	1303	43	2	0	2
chr14:20020186	515	25	2	0	2
chr14:20181357	465	40	2	0	2
chr14:23828820	73	10	2	0	2
chr14:64066340	205	6	2	0	2
chr14:64066352	210	6	2	0	2
chr14:64066363	220	8	2	0	2
chr14:64066367	226	8	2	0	2
chr14:64066373	229	8	2	0	2
chr14:64066379	221	8	2	0	2
chr14:64066394	218	8	2	0	2
chr14:64066398	218	8	2	0	2
chr14:64066402	223	8	2	0	2
chr14:64066424	199	7	2	0	2
chr14:64066431	191	5	2	0	2
chr14:76524985	35	6	2	0	2
chr14:77950670	124	5	2	0	2
chr14:77951213	132	8	2	0	2
chr14:77951231	138	9	2	0	2
chr14:93118237	66	7	2	0	2
chr14:99640890	71	6	2	0	2
chr15:20739706	336	29	2	0	2
chr15:20739744	607	10	2	0	2
chr15:20739755	626	8	2	0	2
chr15:20740009	302	14	2	0	2
chr15:20740030	263	21	2	0	2
chr15:20740216	494	31	2	0	2
chr15:20740399	116	8	2	0	2
chr15:22742862	460	32	2	0	2
chr15:22742924	608	16	2	0	2
chr15:22742953	593	43	2	0	2
chr15:22743191	936	23	2	0	2
chr15:22743355	533	43	2	0	2
chr15:22743376	553	31	2	0	2
chr15:22743379	501	74	2	0	2
chr15:22743544	230	12	2	0	2
chr15:23686185	253	12	2	0	2
chr15:23686413	331	23	2	0	2
chr15:23686518	324	28	2	0	2
chr15:23891995	370	5	2	0	2
chr15:23892002	387	6	2	0	2
chr15:23892351	317	30	2	0	2
chr15:28950829	81	6	2	0	2
chr15:32455479	82	8	2	0	2
chr15:32685356	44	6	2	0	2
chr15:32688657	80	8	2	0	2
chr15:32895581	69	6	2	0	2
chr15:43991242	126	7	2	0	2
chr15:44829395	171	5	2	0	2
chr15:70961083	229	7	2	0	2
chr15:72954890	239	8	2	0	2
chr15:75586737	185	24	2	0	2
chr15:75981944	256	5	2	0	2
chr15:75982200	269	9	2	0	2
chr15:75982329	209	5	2	0	2
chr15:89398729	887	44	2	0	2
chr15:89398733	899	51	2	0	2
chr15:89398768	656	22	2	0	2
chr15:89400137	774	98	2	0	2
chr15:89400258	541	9	2	0	2
chr15:90903600	276	5	2	0	2
chr16:1279944	71	12	2	0	2
chr16:1291244	419	10	2	0	2
chr16:1306557	414	30	2	0	2
chr16:14859004	223	19	2	0	2
chr16:14859054	542	73	2	0	2
chr16:15045631	557	13	2	0	2
chr16:15045643	811	12	2	0	2
chr16:15045759	671	15	2	0	2
chr16:2287508	133	8	2	0	2
chr16:28354337	336	6	2	0	2
chr16:28374086	277	11	2	0	2
chr16:28507335	542	100	2	0	2
chr16:28507388	389	18	2	0	2
chr16:28603721	325	10	2	0	2
chr16:30429232	604	66	2	0	2
chr16:30594154	321	5	2	0	2
chr16:30594157	298	10	2	0	2
chr16:30794198	289	9	2	0	2
chr16:30794206	276	6	2	0	2
chr16:31105956	240	7	2	0	2
chr16:3817736	135	6	2	0	2
chr16:58577313	92	16	2	0	2
chr16:58577315	26	25	2	0	2
chr16:58577316	26	25	2	0	2
chr16:69726420	201	5	2	0	2
chr16:72821381	96	9	2	0	2
chr16:72830455	102	8	2	0	2
chr16:74425400	1081	26	2	0	2
chr16:74425461	1371	12	2	0	2
chr16:74452114	330	13	2	0	2
chr16:74452141	286	14	2	0	2
chr16:75146577	149	15	2	0	2
chr16:76572151	73	6	2	0	2
chr16:84203781	575	8	2	0	2
chr16:84203859	615	9	2	0	2
chr16:84203862	477	18	2	0	2
chr17:10307703	136	9	2	0	2
chr17:10307706	135	8	2	0	2
chr17:10307708	147	8	2	0	2
chr17:10307712	142	7	2	0	2
chr17:15449101	214	7	2	0	2
chr17:15449112	220	7	2	0	2
chr17:15449158	203	9	2	0	2
chr17:16285329	321	19	2	0	2
chr17:16285332	325	12	2	0	2
chr17:16285866	310	34	2	0	2
chr17:18024920	82	6	2	0	2
chr17:18024924	83	6	2	0	2
chr17:18024931	91	11	2	0	2
chr17:18024935	96	9	2	0	2
chr17:18024941	93	6	2	0	2
chr17:263486	262	36	2	0	2
chr17:27001303	127	6	2	0	2
chr17:28380551	217	9	2	0	2
chr17:28380557	222	10	2	0	2
chr17:34581531	195	10	2	0	2
chr17:39197226	399	5	2	0	2
chr17:39197248	400	5	2	0	2
chr17:39197304	435	19	2	0	2
chr17:39222033	259	12	2	0	2
chr17:39254005	1051	7	2	0	2
chr17:39254019	1091	5	2	0	2
chr17:39261892	932	19	2	0	2
chr17:39274274	942	39	2	0	2
chr17:39279994	624	26	2	0	2
chr17:39280114	620	38	2	0	2
chr17:39296327	1523	24	2	0	2
chr17:39296542	524	25	2	0	2
chr17:39296566	819	14	2	0	2
chr17:39305625	747	18	2	0	2
chr17:39305663	791	36	2	0	2
chr17:39305673	854	15	2	0	2
chr17:39305699	876	5	2	0	2
chr17:39305814	717	40	2	0	2
chr17:39305868	795	30	2	0	2
chr17:39316504	530	5	2	0	2
chr17:39316518	582	5	2	0	2
chr17:39316537	765	8	2	0	2
chr17:39316578	607	7	2	0	2
chr17:39316665	679	48	2	0	2
chr17:39316677	753	54	2	0	2
chr17:39324074	342	22	2	0	2
chr17:39324104	342	24	2	0	2
chr17:39324152	214	17	2	0	2
chr17:39324154	215	16	2	0	2
chr17:39334091	1424	20	2	0	2
chr17:39383172	856	30	2	0	2
chr17:39383275	637	11	2	0	2
chr17:39383302	479	8	2	0	2
chr17:39389159	501	15	2	0	2
chr17:39411784	771	6	2	0	2
chr17:39411787	790	6	2	0	2
chr17:39411794	754	6	2	0	2
chr17:39411796	754	6	2	0	2
chr17:39411798	720	20	2	0	2
chr17:39411859	709	12	2	0	2
chr17:39411866	726	9	2	0	2
chr17:39412096	480	15	2	0	2
chr17:39421944	404	12	2	0	2
chr17:39674834	174	12	2	0	2
chr17:40370236	227	5	2	0	2
chr17:40946975	119	8	2	0	2
chr17:41738782	99	8	2	0	2
chr17:5036740	116	5	2	0	2
chr17:5036748	117	5	2	0	2
chr17:5036761	141	5	2	0	2
chr17:58282979	193	7	2	0	2
chr17:58282992	189	5	2	0	2
chr17:58292024	90	6	2	0	2
chr17:61973865	247	10	2	0	2
chr17:6927786	135	9	2	0	2
chr17:6927789	132	8	2	0	2
chr17:7139157	172	7	2	0	2
chr17:7139159	179	7	2	0	2
chr17:7321004	77	10	2	0	2
chr17:7321007	80	10	2	0	2
chr17:7385751	564	11	2	0	2
chr17:7385761	568	11	2	0	2
chr17:7385895	576	8	2	0	2
chr17:7385927	651	23	2	0	2
chr17:7386030	633	9	2	0	2
chr17:7386176	668	15	2	0	2
chr17:74288550	488	25	2	0	2
chr17:74288760	358	10	2	0	2
chr17:74289060	249	12	2	0	2
chr18:14542916	850	11	2	0	2
chr18:34298327	97	6	2	0	2
chr18:34298333	98	6	2	0	2
chr18:34298339	95	6	2	0	2
chr18:44554924	665	42	2	0	2
chr18:77475188	253	6	2	0	2
chr18:9886969	580	10	2	0	2
chr18:9886975	562	18	2	0	2
chr18:9887091	481	13	2	0	2
chr18:9887185	463	15	2	0	2
chr18:9887190	423	38	2	0	2
chr18:9887212	430	28	2	0	2
chr18:9887256	412	37	2	0	2
chr18:9887329	568	43	2	0	2
chr18:9887542	758	25	2	0	2
chr18:9887570	569	27	2	0	2
chr18:9887607	506	28	2	0	2
chr19:1037679	111	6	2	0	2
chr19:1037681	111	6	2	0	2
chr19:1037715	121	7	2	0	2
chr19:1037718	122	7	2	0	2
chr19:11891983	245	7	2	0	2
chr19:11891991	247	7	2	0	2
chr19:11891995	245	5	2	0	2
chr19:11891998	235	5	2	0	2
chr19:12060571	608	34	2	0	2
chr19:12542338	435	26	2	0	2
chr19:14165603	144	21	2	0	2
chr19:14165607	174	10	2	0	2
chr19:14910631	212	7	2	0	2
chr19:15918201	302	9	2	0	2
chr19:17397455	105	9	2	0	2
chr19:20229543	308	15	2	0	2
chr19:20229594	320	7	2	0	2
chr19:20229601	314	5	2	0	2
chr19:20229762	388	10	2	0	2
chr19:20229769	394	9	2	0	2
chr19:20807162	129	9	2	0	2
chr19:20807415	190	5	2	0	2
chr19:21300706	279	15	2	0	2
chr19:21366427	334	19	2	0	2
chr19:21476689	228	36	2	0	2
chr19:21476898	188	14	2	0	2
chr19:21476951	212	17	2	0	2
chr19:21606636	199	5	2	0	2
chr19:21607072	201	14	2	0	2
chr19:21720463	197	11	2	0	2
chr19:21910211	336	5	2	0	2
chr19:21910245	333	15	2	0	2
chr19:22153993	405	12	2	0	2
chr19:22154116	471	15	2	0	2
chr19:22154191	412	26	2	0	2
chr19:22154249	468	54	2	0	2
chr19:22154475	532	17	2	0	2
chr19:22154797	484	10	2	0	2
chr19:22155114	435	14	2	0	2
chr19:22155130	416	29	2	0	2
chr19:22155399	494	11	2	0	2
chr19:22155730	515	23	2	0	2
chr19:22156021	495	16	2	0	2
chr19:22156714	459	29	2	0	2
chr19:22156863	512	14	2	0	2
chr19:22271391	447	15	2	0	2
chr19:22271475	385	10	2	0	2
chr19:22271608	363	9	2	0	2
chr19:22497408	275	8	2	0	2
chr19:22498749	383	9	2	0	2
chr19:22940344	457	14	2	0	2
chr19:22940877	420	26	2	0	2
chr19:22941279	426	7	2	0	2
chr19:23159052	340	11	2	0	2
chr19:23927139	271	14	2	0	2
chr19:24310209	369	14	2	0	2
chr19:2917705	335	23	2	0	2
chr19:2917729	365	10	2	0	2
chr19:2917807	360	22	2	0	2
chr19:2917842	570	18	2	0	2
chr19:2917901	372	15	2	0	2
chr19:35435097	259	7	2	0	2
chr19:35435101	257	7	2	0	2
chr19:35435133	280	6	2	0	2
chr19:36018074	369	8	2	0	2
chr19:36018080	394	7	2	0	2
chr19:36018115	405	8	2	0	2
chr19:36018145	471	15	2	0	2
chr19:36018555	448	20	2	0	2
chr19:36018611	370	22	2	0	2
chr19:36883973	179	7	2	0	2
chr19:37240648	347	10	2	0	2
chr19:37880127	239	5	2	0	2
chr19:38964377	119	12	2	0	2
chr19:40392008	127	5	2	0	2
chr19:40520038	174	11	2	0	2
chr19:40520041	177	11	2	0	2
chr19:40902090	241	5	2	0	2
chr19:40902165	216	23	2	0	2
chr19:40902768	623	30	2	0	2
chr19:43244495	322	5	2	0	2
chr19:43244502	323	5	2	0	2
chr19:44039527	163	12	2	0	2
chr19:44117531	516	60	2	0	2
chr19:44117575	627	17	2	0	2
chr19:44117582	614	17	2	0	2
chr19:44117584	604	17	2	0	2
chr19:44117603	511	51	2	0	2
chr19:44117860	664	5	2	0	2
chr19:44117867	566	35	2	0	2
chr19:44117869	618	5	2	0	2
chr19:44117877	551	15	2	0	2
chr19:4511771	427	5	2	0	2
chr19:4511774	434	5	2	0	2
chr19:4512100	251	6	2	0	2
chr19:4512112	252	5	2	0	2
chr19:4512139	240	24	2	0	2
chr19:4512142	245	22	2	0	2
chr19:4512148	237	18	2	0	2
chr19:4512317	828	98	2	0	2
chr19:48305119	164	5	2	0	2
chr19:48305127	152	5	2	0	2
chr19:48305538	421	38	2	0	2
chr19:48305574	401	70	2	0	2
chr19:48305622	437	46	2	0	2
chr19:48305634	408	75	2	0	2
chr19:48305670	365	50	2	0	2
chr19:48305694	348	75	2	0	2
chr19:48305754	395	33	2	0	2
chr19:49657566	291	8	2	0	2
chr19:49657686	772	46	2	0	2
chr19:52942354	464	22	2	0	2
chr19:53303058	375	12	2	0	2
chr19:53303616	316	8	2	0	2
chr19:53418522	299	26	2	0	2
chr19:53418570	296	21	2	0	2
chr19:53644134	289	15	2	0	2
chr19:53855011	367	7	2	0	2
chr19:53855161	388	14	2	0	2
chr19:53958604	470	8	2	0	2
chr19:53958606	470	8	2	0	2
chr19:53958627	470	16	2	0	2
chr19:53995193	332	24	2	0	2
chr19:54080426	250	11	2	0	2
chr19:56029494	300	82	2	0	2
chr19:5604623	104	8	2	0	2
chr19:56370414	123	15	2	0	2
chr19:57133217	867	118	2	0	2
chr19:57133285	437	11	2	0	2
chr19:57133670	386	13	2	0	2
chr19:57133682	395	13	2	0	2
chr19:57175696	349	10	2	0	2
chr19:57175699	366	7	2	0	2
chr19:57175701	367	7	2	0	2
chr19:57175705	365	9	2	0	2
chr19:57955833	264	5	2	0	2
chr19:57955840	278	6	2	0	2
chr19:57955847	273	5	2	0	2
chr19:57955884	271	8	2	0	2
chr19:58005340	342	15	2	0	2
chr19:58049332	286	12	2	0	2
chr19:58102323	274	9	2	0	2
chr19:58118341	370	12	2	0	2
chr19:58232749	300	8	2	0	2
chr19:58290699	294	6	2	0	2
chr19:58385174	294	5	2	0	2
chr19:58420278	407	7	2	0	2
chr19:58420280	412	7	2	0	2
chr19:58420283	413	6	2	0	2
chr19:58549238	162	23	2	0	2
chr19:58549248	170	31	2	0	2
chr19:58578998	255	7	2	0	2
chr19:58579001	240	9	2	0	2
chr19:58579005	262	9	2	0	2
chr19:58773583	218	5	2	0	2
chr19:59073898	229	9	2	0	2
chr19:59074012	210	6	2	0	2
chr19:59074015	214	5	2	0	2
chr19:59074017	219	5	2	0	2
chr19:7810421	512	26	2	0	2
chr19:7810793	629	19	2	0	2
chr19:7830616	541	8	2	0	2
chr19:7830618	543	8	2	0	2
chr19:7830662	419	9	2	0	2
chr19:7830693	317	9	2	0	2
chr19:7830696	298	11	2	0	2
chr19:8993401	226	8	2	0	2
chr19:8993426	247	25	2	0	2
chr19:8993443	245	26	2	0	2
chr19:8993449	253	26	2	0	2
chr19:8993452	242	26	2	0	2
chr19:8993479	203	21	2	0	2
chr19:8993481	207	21	2	0	2
chr19:8993483	207	21	2	0	2
chr19:8993488	210	19	2	0	2
chr19:8993490	209	19	2	0	2
chr19:8993495	210	19	2	0	2
chr19:8993499	204	19	2	0	2
chr19:8993501	202	19	2	0	2
chr19:8993508	204	12	2	0	2
chr19:8993517	208	10	2	0	2
chr19:8993521	196	9	2	0	2
chr19:8993524	196	5	2	0	2
chr19:8999560	150	7	2	0	2
chr19:9002659	212	5	2	0	2
chr19:9006365	143	10	2	0	2
chr19:9006684	130	5	2	0	2
chr19:9006693	141	5	2	0	2
chr19:9006702	125	5	2	0	2
chr19:9006711	117	7	2	0	2
chr19:9006714	113	7	2	0	2
chr19:9006720	108	7	2	0	2
chr19:9006729	114	6	2	0	2
chr19:9006737	119	5	2	0	2
chr19:9006747	118	6	2	0	2
chr19:9006762	110	6	2	0	2
chr19:9006764	109	6	2	0	2
chr19:9008342	224	7	2	0	2
chr19:9008344	227	8	2	0	2
chr19:9009652	126	10	2	0	2
chr19:9009663	119	8	2	0	2
chr19:9015723	176	5	2	0	2
chr19:9020003	301	8	2	0	2
chr19:9020014	303	7	2	0	2
chr19:9048720	292	9	2	0	2
chr19:9048764	273	7	2	0	2
chr19:9048771	255	10	2	0	2
chr19:9406745	198	8	2	0	2
chr20:1559300	256	14	2	0	2
chr20:1559318	240	14	2	0	2
chr20:1559324	240	14	2	0	2
chr20:1559333	216	14	2	0	2
chr20:23967157	250	5	2	0	2
chr20:36572589	129	9	2	0	2
chr20:36572592	137	8	2	0	2
chr20:36572601	138	5	2	0	2
chr20:61444869	174	9	2	0	2
chr21:11058168	497	15	2	0	2
chr21:14982716	125	23	2	0	2
chr21:30339206	99	6	2	0	2
chr21:30339217	125	8	2	0	2
chr21:36042181	300	9	2	0	2
chr21:36042183	288	24	2	0	2
chr21:36042193	283	19	2	0	2
chr21:36042195	273	18	2	0	2
chr21:36042318	277	34	2	0	2
chr21:36042478	173	13	2	0	2
chr21:43161457	216	21	2	0	2
chr21:43531264	1383	5	2	0	2
chr21:43531334	1144	5	2	0	2
chr21:45959524	622	34	2	0	2
chr21:45970692	1064	174	2	0	2
chr21:45994062	520	10	2	0	2
chr21:45994064	518	10	2	0	2
chr21:45994103	362	6	2	0	2
chr21:45994187	534	22	2	0	2
chr21:45994302	603	34	2	0	2
chr21:45994409	784	14	2	0	2
chr21:45994571	575	30	2	0	2
chr21:45994582	596	15	2	0	2
chr21:45999945	567	8	2	0	2
chr21:45999966	569	7	2	0	2
chr21:46000188	696	10	2	0	2
chr21:46000197	681	16	2	0	2
chr21:46011563	1434	14	2	0	2
chr21:46011594	723	13	2	0	2
chr21:46011620	1542	12	2	0	2
chr21:46011814	617	10	2	0	2
chr21:46011907	671	10	2	0	2
chr21:46021202	664	6	2	0	2
chr21:46021217	667	5	2	0	2
chr21:46032319	1790	177	2	0	2
chr21:46032357	1251	13	2	0	2
chr21:46047580	611	12	2	0	2
chr21:46066470	509	11	2	0	2
chr21:46066636	666	12	2	0	2
chr21:46066655	656	17	2	0	2
chr21:46066659	689	8	2	0	2
chr21:46066675	652	20	2	0	2
chr21:46066890	1246	209	2	0	2
chr21:46066926	816	43	2	0	2
chr21:46117146	452	37	2	0	2
chr21:46117307	714	6	2	0	2
chr21:46117477	704	13	2	0	2
chr21:46117480	705	9	2	0	2
chr21:47754449	508	28	2	0	2
chr21:47754580	538	25	2	0	2
chr22:16287427	1056	5	2	0	2
chr22:16287451	1000	46	2	0	2
chr22:16449536	198	18	2	0	2
chr22:20457863	584	69	2	0	2
chr22:20458487	625	37	2	0	2
chr22:25016911	203	7	2	0	2
chr22:28194881	257	6	2	0	2
chr22:28194913	278	7	2	0	2
chr22:29837868	353	14	2	0	2
chr22:29885313	344	20	2	0	2
chr22:32756576	311	9	2	0	2
chr22:36651024	72	5	2	0	2
chr22:36651030	72	5	2	0	2
chr22:38120503	575	35	2	0	2
chr22:38120532	545	20	2	0	2
chr22:38120563	518	31	2	0	2
chr22:38120596	520	27	2	0	2
chr22:38120635	449	37	2	0	2
chr22:38120676	428	30	2	0	2
chr22:38120707	461	20	2	0	2
chr22:38120767	410	41	2	0	2
chr22:39713633	126	7	2	0	2
chr22:42422781	912	144	2	0	2
chr22:42422878	532	10	2	0	2
chr22:42422898	556	6	2	0	2
chr22:42422994	394	31	2	0	2
chr22:42525038	305	6	2	0	2
chr22:45574342	167	6	2	0	2
chr22:45574426	156	9	2	0	2
chr22:50659063	706	15	2	0	2
chr22:50659079	418	11	2	0	2
chr22:50659084	434	10	2	0	2
chr22:50659101	417	10	2	0	2
chr22:50659175	358	12	2	0	2
chr22:50659212	362	15	2	0	2
chr22:50659256	398	9	2	0	2
chr22:50659268	375	14	2	0	2
chr22:50659290	360	20	2	0	2
chr22:50659293	386	8	2	0	2
chr22:50659338	411	12	2	0	2
chr22:50659341	383	25	2	0	2
chr22:50659392	440	19	2	0	2
chr22:50659406	444	10	2	0	2
chr22:50659539	412	19	2	0	2
chr22:50988190	144	9	2	0	2
