mutation_id	sample_id	cluster_id	cellular_prevalence	cellular_prevalence_std	variant_allele_frequency
chr10:135440122	BM35_M	3	0.11553987299227007	0.03380811346579836	0.06542056074766354
chr10:135440122	BM35_P	3	0.10270112416398756	0.02784526403728384	0.10869565217391304
chr11:1016713	BM35_M	4	0.15603779442603777	0.021617200454993307	0.16532258064516128
chr11:1016713	BM35_P	4	0.12784530510677766	0.014141429260886922	0.043227665706051875
chr11:1016715	BM35_M	2	0.055288989173391576	0.02838952793140808	0.02913907284768212
chr11:1016715	BM35_P	2	0.05878962198688405	0.02177757766225508	0.05121951219512195
chr11:1016719	BM35_M	2	0.05091983871403649	0.027434638490260274	0.02795425667090216
chr11:1016719	BM35_P	2	0.0554500746774749	0.02113073864677863	0.04861111111111111
chr11:1017015	BM35_M	2	0.05199414782772453	0.028120528008283466	0.028925619834710745
chr11:1017015	BM35_P	2	0.055755876756325755	0.02145623494848326	0.03715170278637771
chr11:1017041	BM35_M	3	0.0791794308885356	0.02331915053094258	0.030634573304157548
chr11:1017041	BM35_P	3	0.07625790711918277	0.017444282997673116	0.06774193548387097
chr11:1017092	BM35_M	3	0.08888055833961646	0.011521901076719495	0.024714828897338403
chr11:1017092	BM35_P	3	0.08419792871862349	0.012282649285870481	0.09866666666666667
chr11:1017152	BM35_M	2	0.03033725652783281	0.005295362362287307	0.011965811965811967
chr11:1017152	BM35_P	2	0.039313224832353964	0.005557981709156051	0.04656862745098039
chr11:1017211	BM35_M	3	0.098964729737097	0.023051464019724036	0.05401234567901234
chr11:1017211	BM35_P	3	0.08988690118779588	0.01742669454664652	0.061971830985915494
chr11:1017219	BM35_M	2	0.029945874214401803	0.003552756075880117	0.01225114854517611
chr11:1017219	BM35_P	2	0.03893408314027001	0.0044444775216134465	0.013623978201634877
chr11:1017220	BM35_M	6	0.7766663652388237	0.022162125845480357	0.7739837398373983
chr11:1017220	BM35_P	6	0.18372135184145783	0.09197928172398939	0.12844036697247707
chr11:1017221	BM35_M	2	0.029943032130658	0.0035073658168602766	0.012326656394453005
chr11:1017221	BM35_P	2	0.03892382849077847	0.00438478504299	0.013850415512465374
chr11:1017227	BM35_M	2	0.029934637629964622	0.003501632904166802	0.0121765601217656
chr11:1017227	BM35_P	2	0.03892367683432722	0.004398606415320491	0.013888888888888888
chr11:1017228	BM35_M	2	0.04715921256912038	0.02610686223130342	0.03139717425431711
chr11:1017228	BM35_P	2	0.05183607952434578	0.019910003837399156	0.02857142857142857
chr11:1017249	BM35_M	2	0.0325206515197938	0.011759091535185062	0.020618556701030927
chr11:1017249	BM35_P	2	0.040946119560665906	0.009632107913358823	0.029940119760479042
chr11:1017273	BM35_M	2	0.03349408457563864	0.01354621442263307	0.02
chr11:1017273	BM35_P	2	0.041807025897091565	0.011120443059764413	0.03753351206434316
chr11:1017464	BM35_M	2	0.04487287844847856	0.024751353953094087	0.02654867256637168
chr11:1017464	BM35_P	2	0.05057111405595821	0.019161389079890834	0.04145077720207254
chr11:1017470	BM35_M	2	0.03513885707420798	0.01597804442699859	0.022191400832177532
chr11:1017470	BM35_P	2	0.043159151954264244	0.012972282498461392	0.03855421686746988
chr11:1017782	BM35_M	2	0.030004324751855608	0.0036911575978587495	0.016985138004246284
chr11:1017782	BM35_P	2	0.03896833410557147	0.004425642015927524	0.019973368841544607
chr11:1017786	BM35_M	2	0.030018111601696824	0.003761912520648025	0.017057569296375266
chr11:1017786	BM35_P	2	0.03896495534380097	0.004410591371621112	0.02021563342318059
chr11:1017824	BM35_M	2	0.029947723913903677	0.003519267494325482	0.01355421686746988
chr11:1017824	BM35_P	2	0.03892566050737743	0.004415082070547293	0.017341040462427744
chr11:1017834	BM35_M	2	0.030141298302789058	0.00430046721849873	0.018775510204081632
chr11:1017834	BM35_P	2	0.039092657792802396	0.004753044429042304	0.0234375
chr11:1017844	BM35_M	1	0.2927199029094189	0.06448825892819907	0.2723475355054302
chr11:1017844	BM35_P	1	0.296539578214056	0.053826248724789194	0.26094003241491087
chr11:1017891	BM35_M	4	0.18429395536728704	0.05391807850723235	0.1572700296735905
chr11:1017891	BM35_P	4	0.16562748212311595	0.06538651317158226	0.13554987212276215
chr11:1017899	BM35_M	3	0.11791659632398038	0.03223389426474274	0.0638930163447251
chr11:1017899	BM35_P	3	0.10335013097425957	0.02404966578213376	0.06770833333333333
chr11:1017900	BM35_M	3	0.09019868205427062	0.01838412280759194	0.05206738131699847
chr11:1017900	BM35_P	3	0.08313258989696146	0.013647918284771073	0.0425531914893617
chr11:1017917	BM35_M	3	0.11272727632963074	0.032347504009476793	0.07789855072463768
chr11:1017917	BM35_P	3	0.10009366973537748	0.02396163936683474	0.08201892744479496
chr11:1017921	BM35_M	3	0.11092117027127862	0.030712700271954687	0.06427221172022685
chr11:1017921	BM35_P	3	0.09809685119704543	0.022150345703376505	0.05333333333333334
chr11:1017935	BM35_M	4	0.18877325739492892	0.057570737578043193	0.17439293598233996
chr11:1017935	BM35_P	4	0.1725669509866693	0.07048682802940459	0.16030534351145037
chr11:1017945	BM35_M	3	0.1171378051391413	0.03296785129681423	0.07373271889400922
chr11:1017945	BM35_P	3	0.1024757199282255	0.023850492069155193	0.05928853754940711
chr11:1017974	BM35_M	3	0.08719425198309598	0.024197311226116673	0.04716981132075472
chr11:1017974	BM35_P	3	0.08114769371205444	0.01778730763387804	0.04568527918781726
chr11:1017979	BM35_M	3	0.08349050055356098	0.02652858017633268	0.04961832061068702
chr11:1017979	BM35_P	3	0.07811156864379626	0.019522140641226527	0.03428571428571429
chr11:1018390	BM35_M	4	0.13341962384856237	0.037824402910762556	0.13259668508287292
chr11:1018390	BM35_P	4	0.11517977795530226	0.03376830426662215	0.075
chr11:1018408	BM35_M	3	0.11197066426235985	0.031098043688701595	0.10989010989010989
chr11:1018408	BM35_P	3	0.09871780129585099	0.023475061588055197	0.06299212598425197
chr11:1018459	BM35_M	4	0.15221235709770195	0.054492446044078734	0.1342281879194631
chr11:1018459	BM35_P	4	0.13531153654106376	0.05852654772340718	0.10377358490566038
chr11:1018473	BM35_M	4	0.14877440541439632	0.05618790748984353	0.12666666666666668
chr11:1018473	BM35_P	4	0.13357263302930525	0.06058265918428388	0.10891089108910891
chr11:46393279	BM35_M	3	0.11993322345408042	0.03971989619690111	0.09433962264150944
chr11:46393279	BM35_P	3	0.10651550816784001	0.03644337442906049	0.0958904109589041
chr11:4967628	BM35_M	4	0.12775876896385216	0.04531966297874919	0.10869565217391304
chr11:4967628	BM35_P	4	0.1135663746088177	0.044488442572768065	0.09859154929577464
chr11:71238364	BM35_M	3	0.10776261607591403	0.028868813735264624	0.11180124223602485
chr11:71238364	BM35_P	3	0.09563502911482351	0.02258680311071397	0.06936416184971098
chr11:71238367	BM35_M	3	0.1062515184958245	0.028164954695755903	0.10782241014799154
chr11:71238367	BM35_P	3	0.09458172603446435	0.021345566437498846	0.07058823529411765
chr11:71238369	BM35_M	3	0.11083571867186655	0.031224569454125103	0.11403508771929824
chr11:71238369	BM35_P	3	0.09821264876750664	0.025418214806266277	0.07142857142857142
chr11:71238449	BM35_M	3	0.10820509862899245	0.029693574925104566	0.1120162932790224
chr11:71238449	BM35_P	3	0.0959911912390305	0.02317865100856515	0.07228915662650602
chr12:11244744	BM35_M	4	0.14666729764372322	0.052186324358284894	0.14285714285714285
chr12:11244744	BM35_P	4	0.1295545786026994	0.05435122504396228	0.09836065573770492
chr12:11286760	BM35_M	3	0.11340974601232112	0.036240606864748316	0.078125
chr12:11286760	BM35_P	3	0.10107887447182443	0.030733765876513358	0.08928571428571429
chr12:11286797	BM35_M	3	0.12060017781485377	0.04129723137345969	0.09803921568627451
chr12:11286797	BM35_P	3	0.1067808219067533	0.0370930290121425	0.09090909090909091
chr12:132547094	BM35_M	3	0.10898084519672248	0.03105432472806531	0.07194244604316546
chr12:132547094	BM35_P	3	0.09700939486272535	0.023088647454181287	0.07228915662650602
chr12:132547096	BM35_M	3	0.1095651386549137	0.030949391341487494	0.07194244604316546
chr12:132547096	BM35_P	3	0.09723840363061823	0.02284461669119124	0.07228915662650602
chr12:176120	BM35_M	3	0.09006382785012366	0.026994603776211264	0.039735099337748346
chr12:176120	BM35_P	3	0.08353147961361806	0.02002560520185971	0.06976744186046512
chr12:40881207	BM35_M	3	0.10795813089292712	0.03066852872139355	0.06976744186046512
chr12:40881207	BM35_P	3	0.09620519950372775	0.022735580208936443	0.06956521739130435
chr12:40881245	BM35_M	4	0.121953926647809	0.034967998395417955	0.07432432432432433
chr12:40881245	BM35_P	4	0.10731685422331824	0.0289810322952587	0.11382113821138211
chr12:40881322	BM35_M	3	0.09940055696127308	0.02642085615739152	0.04929577464788732
chr12:40881322	BM35_P	3	0.09035136444028134	0.01977443576338604	0.08064516129032258
chr12:40881325	BM35_M	3	0.09858506485420042	0.026010717528497013	0.04895104895104895
chr12:40881325	BM35_P	3	0.08966883139692355	0.01930934233938753	0.07751937984496124
chr12:40882450	BM35_M	1	0.25843026934034075	0.05212734531259901	0.08955223880597014
chr12:40882450	BM35_P	1	0.3343401994149926	0.13269714894956045	0.38181818181818183
chr12:53343005	BM35_M	3	0.0996303102757841	0.025053177677984116	0.09
chr12:53343005	BM35_P	3	0.08960820162393368	0.017429228361622487	0.03804347826086957
chr12:53343051	BM35_M	3	0.09652864060894897	0.023192026367995115	0.08737864077669903
chr12:53343051	BM35_P	3	0.08734472486458254	0.01613706077019277	0.03398058252427184
chr12:53343059	BM35_M	3	0.09447333669610976	0.021438482807335513	0.09
chr12:53343059	BM35_P	3	0.08580504209592149	0.014874672338240236	0.028708133971291867
chr12:53343069	BM35_M	3	0.09179283291016584	0.022745650574188835	0.0784313725490196
chr12:53343069	BM35_P	3	0.08392528640412586	0.015997754672113892	0.02912621359223301
chr12:53343071	BM35_M	3	0.09429908948718888	0.021526878106591586	0.0891089108910891
chr12:53343071	BM35_P	3	0.08568993849578785	0.015119882774602309	0.028985507246376812
chr12:53343074	BM35_M	3	0.08520447526373005	0.027513706819212395	0.06060606060606061
chr12:53343074	BM35_P	3	0.07926250329826255	0.01984172085596835	0.03211009174311927
chr12:53343084	BM35_M	3	0.09254143031570752	0.02554373867614557	0.06930693069306931
chr12:53343084	BM35_P	3	0.08458394150097405	0.018289825465314633	0.03636363636363636
chr12:53343098	BM35_M	3	0.09219830617037526	0.028089241373557925	0.06
chr12:53343098	BM35_P	3	0.08447834592523012	0.020132502191621368	0.041666666666666664
chr12:54348722	BM35_M	4	0.12353329219049118	0.0397790398803971	0.12222222222222222
chr12:54348722	BM35_P	4	0.10850168074376197	0.03564218293303012	0.07246376811594203
chr13:100622670	BM35_M	4	0.12484406977493533	0.037834980383062024	0.06930693069306931
chr13:100622670	BM35_P	4	0.1105681292837045	0.03474310818658829	0.1282051282051282
chr13:112722791	BM35_M	3	0.0812647807498486	0.026492720566500406	0.031914893617021274
chr13:112722791	BM35_P	3	0.07751650541972428	0.0199757107785005	0.07228915662650602
chr14:105413040	BM35_M	3	0.11648361531037076	0.03276214285514691	0.07236842105263158
chr14:105413040	BM35_P	3	0.1026122012882307	0.024120025591533846	0.07792207792207792
chr14:105413042	BM35_M	3	0.11588480949776588	0.032954372617096134	0.07741935483870968
chr14:105413042	BM35_P	3	0.10213427617871756	0.02423847862060609	0.0759493670886076
chr14:105413057	BM35_M	3	0.11017096318948576	0.03279650090219642	0.10022271714922049
chr14:105413057	BM35_P	3	0.09806174934705991	0.02696800729289587	0.09740259740259741
chr14:105413177	BM35_M	4	0.1295120609891738	0.04414110992036455	0.09968847352024922
chr14:105413177	BM35_P	4	0.11552312658890064	0.04468558407177824	0.12121212121212122
chr14:105413181	BM35_M	4	0.12289791061428208	0.037835579555856536	0.09316770186335403
chr14:105413181	BM35_P	4	0.10883407043376203	0.034871240648634116	0.11450381679389313
chr14:105413183	BM35_M	3	0.11441909103965756	0.03493143856933536	0.09717868338557993
chr14:105413183	BM35_P	3	0.10172361571474167	0.030076786900047132	0.1
chr14:105413186	BM35_M	3	0.11566092238335189	0.033043422745280424	0.08227848101265822
chr14:105413186	BM35_P	3	0.10212699305127859	0.025092568530210062	0.0967741935483871
chr14:105413190	BM35_M	4	0.11677041917151901	0.032675318020327304	0.07407407407407407
chr14:105413190	BM35_P	4	0.10295665578300871	0.02466952224561251	0.09302325581395349
chr14:105419314	BM35_M	3	0.10564075153801847	0.028526938435321846	0.10074626865671642
chr14:105419314	BM35_P	3	0.09422204448073042	0.021475124826176882	0.07792207792207792
chr14:105419446	BM35_M	3	0.10633156741940704	0.029190415204428867	0.08602150537634409
chr14:105419446	BM35_P	3	0.09452608567238299	0.020570965711053678	0.046875
chr14:19553451	BM35_M	1	0.29193491688600615	0.06318811292142276	0.2749326145552561
chr14:19553451	BM35_P	1	0.29370891084057277	0.040363714784821834	0.18888888888888888
chr15:30385532	BM35_M	3	0.11553335932964678	0.03548800199573727	0.0945273631840796
chr15:30385532	BM35_P	3	0.10240269451465653	0.030582718038643743	0.08771929824561403
chr15:32685308	BM35_M	4	0.18340807425215394	0.060512885241265635	0.152
chr15:32685308	BM35_P	4	0.16907630671661733	0.07423932274451257	0.15555555555555556
chr15:44829395	BM35_M	2	0.06176816634314127	0.030395614812058377	0.031746031746031744
chr15:44829395	BM35_P	2	0.06272380597432504	0.022846502237313188	0.03676470588235294
chr15:72955043	BM35_M	4	0.21096312366584788	0.06912035029114227	0.2111111111111111
chr15:72955043	BM35_P	4	0.19931754952913605	0.08121267737642107	0.16
chr15:75586737	BM35_M	3	0.11223166461312727	0.034205956904877224	0.10344827586206896
chr15:75586737	BM35_P	3	0.09956922190987119	0.028558640296367954	0.08256880733944955
chr15:92671606	BM35_M	4	0.1404462331943391	0.05274389994918034	0.11594202898550725
chr15:92671606	BM35_P	4	0.12569129025743553	0.05550912138096013	0.11904761904761904
chr16:18532173	BM35_M	3	0.09652805374557706	0.01885270662267554	0.10621761658031088
chr16:18532173	BM35_P	3	0.08726490400112194	0.012597475207310003	0.036290322580645164
chr16:18532182	BM35_M	3	0.0967214375527593	0.018955412156750406	0.10704960835509138
chr16:18532182	BM35_P	3	0.08747921727879486	0.012951152044711107	0.036585365853658534
chr16:32264998	BM35_M	2	0.04850037893870196	0.02661473591835256	0.032329988851727984
chr16:32264998	BM35_P	2	0.05282175782641297	0.02030489599770014	0.028455284552845527
chr16:74447025	BM35_M	3	0.10980485140875987	0.03091231573301296	0.075
chr16:74447025	BM35_P	3	0.09700042864716261	0.021899771210755797	0.05
chr16:74530427	BM35_M	4	0.14798222867454205	0.0495446551946699	0.15384615384615385
chr16:74530427	BM35_P	4	0.12937297271606746	0.05048534007088232	0.09523809523809523
chr17:6928022	BM35_M	3	0.11096411288317926	0.03354950778112161	0.0821917808219178
chr17:6928022	BM35_P	3	0.0986992960885217	0.02669225440286599	0.07462686567164178
chr17:74068528	BM35_M	3	0.07086224930973598	0.029935576485903028	0.03271028037383177
chr17:74068528	BM35_P	3	0.06972333536365083	0.022392184003994925	0.04830917874396135
chr17:76803272	BM35_M	4	0.18614256081198297	0.058191812006776714	0.19615384615384615
chr17:76803272	BM35_P	4	0.16748813265985496	0.06839969717014306	0.14814814814814814
chr18:44549170	BM35_M	3	0.12099025406335548	0.03390689429651494	0.07646176911544228
chr18:44549170	BM35_P	3	0.10507422320626594	0.023956867377591926	0.055408970976253295
chr18:77193637	BM35_M	4	0.18296644542003804	0.05862914870806716	0.1510791366906475
chr18:77193637	BM35_P	4	0.1676116854562002	0.07192708987451403	0.14084507042253522
chr19:13318688	BM35_M	5	0.8403455035269454	0.14941978946276813	0.45132743362831856
chr19:13318688	BM35_P	5	0.6935290686219762	0.22825716542389585	0.4126984126984127
chr19:49526167	BM35_M	4	0.14518370968947442	0.057259591439957735	0.11564625850340136
chr19:49526167	BM35_P	4	0.1316444987311853	0.06230676631017849	0.1206896551724138
chr19:55086927	BM35_M	4	0.17391298407258815	0.06168334936628679	0.1320754716981132
chr19:55086927	BM35_P	4	0.1592408142970026	0.07204164904411557	0.11666666666666667
chr19:55086932	BM35_M	4	0.18031617146422688	0.05222705796787706	0.16158536585365854
chr19:55086932	BM35_P	4	0.16089833282569024	0.06325289063554065	0.12903225806451613
chr19:55175016	BM35_M	4	0.13601158379940234	0.036019955452373374	0.08450704225352113
chr19:55175016	BM35_P	4	0.11843685477060495	0.03375319953854038	0.12371134020618557
chr19:56029450	BM35_M	1	0.2706689830869602	0.03341658354472743	0.125
chr19:56029450	BM35_P	1	0.3049434112541684	0.07778731903271123	0.3409090909090909
chr19:56029453	BM35_M	1	0.27990583904195765	0.045685723421032345	0.19130434782608696
chr19:56029453	BM35_P	1	0.30698228488313983	0.08171737626759197	0.3176470588235294
chr19:56029454	BM35_M	1	0.27951472377437575	0.04608130479290138	0.1896551724137931
chr19:56029454	BM35_P	1	0.3100148836627374	0.08712440135211234	0.32142857142857145
chr19:56284217	BM35_M	3	0.1088426051711402	0.03094568509699487	0.07894736842105263
chr19:56284217	BM35_P	3	0.0967227513834815	0.02313200569111117	0.06451612903225806
chr19:8999441	BM35_M	4	0.14787768373757304	0.038637990340425574	0.16
chr19:8999441	BM35_P	4	0.1256360054520691	0.03562943489676432	0.08270676691729323
chr19:8999511	BM35_M	4	0.15618523399136028	0.051379063230947444	0.08823529411764706
chr19:8999511	BM35_P	4	0.14148117224678317	0.05988264244842533	0.15384615384615385
chr19:8999530	BM35_M	4	0.15753778515270211	0.05660901105964494	0.10666666666666667
chr19:8999530	BM35_P	4	0.14362534996079965	0.064894803072019	0.14666666666666667
chr19:8999538	BM35_M	4	0.17327162836333682	0.06267538267703553	0.12121212121212122
chr19:8999538	BM35_P	4	0.1612661466430053	0.07460526335862389	0.16666666666666666
chr1:12855844	BM35_M	1	0.29102122109725287	0.06204095045484304	0.2857142857142857
chr1:12855844	BM35_P	1	0.29548857820977115	0.05071053009530162	0.25892857142857145
chr1:12855884	BM35_M	3	0.08749785564493166	0.023260658502596118	0.04285714285714286
chr1:12855884	BM35_P	3	0.08159762571819101	0.01732625200951166	0.06153846153846154
chr1:12855895	BM35_M	3	0.08823344911319979	0.024469212119870142	0.046263345195729534
chr1:12855895	BM35_P	3	0.0819063167532226	0.01814480064739089	0.05303030303030303
chr1:12907284	BM35_M	4	0.15325005977511105	0.03556581582211071	0.056179775280898875
chr1:12907284	BM35_P	4	0.13961799965278973	0.05202533086530028	0.18181818181818182
chr1:12907350	BM35_M	4	0.13150249810098308	0.03507321906949111	0.05154639175257732
chr1:12907350	BM35_P	4	0.11632933955141952	0.033613525686133704	0.14285714285714285
chr1:148011047	BM35_M	3	0.0940770431609561	0.02691328988767033	0.051643192488262914
chr1:148011047	BM35_P	3	0.08605077325285301	0.019618088376618673	0.05202312138728324
chr1:152278643	BM35_M	3	0.0734061204863307	0.028583953028708118	0.0380952380952381
chr1:152278643	BM35_P	3	0.07126713316780187	0.021460056267564004	0.04054054054054054
chr1:17084264	BM35_M	3	0.10950291065468905	0.03008330648175351	0.09375
chr1:17084264	BM35_P	3	0.09670002358077132	0.021246743820171016	0.055970149253731345
chr1:17086000	BM35_M	4	0.2053504250909442	0.06298240454041948	0.1554054054054054
chr1:17086000	BM35_P	4	0.19641222733541946	0.08029415163503782	0.18604651162790697
chr1:201184861	BM35_M	1	0.2591187903668401	0.048024882676564296	0.13186813186813187
chr1:201184861	BM35_P	1	0.2727311196869815	0.06603661031066287	0.2413793103448276
chr1:32122666	BM35_M	4	0.1459461541210557	0.0500435476634483	0.15254237288135594
chr1:32122666	BM35_P	4	0.12770926328135337	0.05076106147827834	0.09090909090909091
chr20:61340827	BM35_M	4	0.1867537995159356	0.05777692793867659	0.15757575757575756
chr20:61340827	BM35_P	4	0.17076160197461782	0.07124030885779428	0.14606741573033707
chr22:23653975	BM35_M	4	0.1428749339260776	0.05372597395302042	0.11971830985915492
chr22:23653975	BM35_P	4	0.12807956119703423	0.05697095952288912	0.1111111111111111
chr22:23654017	BM35_M	3	0.10026544438364024	0.02801726184748097	0.05223880597014925
chr22:23654017	BM35_P	3	0.09077697088273816	0.02060941108689955	0.07476635514018691
chr2:233246473	BM35_M	3	0.10822350583683311	0.0297477071273193	0.06230529595015576
chr2:233246473	BM35_P	3	0.09655691671878698	0.022097489606855293	0.07142857142857142
chr2:51254764	BM35_M	4	0.18776118394655417	0.05633507950889693	0.16615384615384615
chr2:51254764	BM35_P	4	0.17104807044607787	0.06976127149955554	0.15671641791044777
chr2:88125215	BM35_M	3	0.11000130960132289	0.031024713103493872	0.08633093525179857
chr2:88125215	BM35_P	3	0.09736949172947038	0.022158997383631078	0.057692307692307696
chr2:98129682	BM35_M	5	0.835582519388257	0.15404168001016005	0.4925373134328358
chr2:98129682	BM35_P	5	0.7067862917293642	0.22833053186393204	0.44805194805194803
chr2:98129690	BM35_M	5	0.7960295481034472	0.1781188771678395	0.5414012738853503
chr2:98129690	BM35_P	5	0.7022648386103523	0.22812276651265692	0.45962732919254656
chr2:98201858	BM35_M	3	0.10242265951545491	0.030835388235808437	0.0641025641025641
chr2:98201858	BM35_P	3	0.0921868419748199	0.022745021189830895	0.0641025641025641
chr3:195507092	BM35_M	3	0.11149567413130365	0.03144932373543929	0.08793969849246232
chr3:195507092	BM35_P	3	0.09870070190352048	0.02304219755712876	0.0718232044198895
chr3:195507107	BM35_M	6	0.7386647868299007	0.16672306235344744	0.4267352185089974
chr3:195507107	BM35_P	6	0.08141036345958783	0.03668494915935165	0.03278688524590164
chr3:195507109	BM35_M	3	0.09967964044419006	0.025827503008686435	0.06349206349206349
chr3:195507109	BM35_P	3	0.08980674366465226	0.0183260745845551	0.03825136612021858
chr3:195508009	BM35_M	4	0.13430253356055347	0.04705601810274333	0.10121457489878542
chr3:195508009	BM35_P	4	0.1201163771437054	0.049113371949768725	0.1223021582733813
chr3:195508021	BM35_M	4	0.12875691212905577	0.04338611090475809	0.09649122807017543
chr3:195508021	BM35_P	4	0.11431876765370182	0.042552627581480436	0.11811023622047244
chr3:195515194	BM35_M	4	0.12063624520467518	0.03307579928643108	0.08115183246073299
chr3:195515194	BM35_P	4	0.10555762767844934	0.024642366032593507	0.10683760683760683
chr5:137801633	BM35_M	3	0.07730509574227276	0.026600950792237416	0.043478260869565216
chr5:137801633	BM35_P	3	0.07378603286525441	0.019685285868207624	0.035955056179775284
chr5:137801684	BM35_M	2	0.03344489187438041	0.013817010235176388	0.02066115702479339
chr5:137801684	BM35_P	2	0.04150706814716078	0.010644909475037108	0.02320185614849188
chr5:139781730	BM35_M	2	0.03029831069551251	0.005417093245241185	0.016778523489932886
chr5:139781730	BM35_P	2	0.039173343068481394	0.005345790655042695	0.014326647564469915
chr5:140207965	BM35_M	2	0.04963623986602524	0.027100233453964753	0.03125
chr5:140207965	BM35_P	2	0.05386777299525341	0.020787497002931025	0.032
chr5:140502997	BM35_M	3	0.09680525427464785	0.018708577285108476	0.054466230936819175
chr5:140502997	BM35_P	3	0.08860692685841114	0.014624910580717028	0.09012875536480687
chr5:140503002	BM35_M	3	0.096749466706602	0.018489222038483598	0.05428881650380022
chr5:140503002	BM35_P	3	0.08860962401697937	0.014906650640851872	0.09251101321585903
chr5:140503078	BM35_M	2	0.03042901642039039	0.0056242050130922705	0.01646542261251372
chr5:140503078	BM35_P	2	0.03940473287181604	0.005886274619241826	0.04128440366972477
chr5:140559523	BM35_M	3	0.08470202822482657	0.021329418190925077	0.04716981132075472
chr5:140559523	BM35_P	3	0.07906704459224864	0.01609996622940351	0.033112582781456956
chr5:140568757	BM35_M	2	0.030083497961324365	0.004158460023424123	0.01777434312210201
chr5:140568757	BM35_P	2	0.03904876163414296	0.004733371484174825	0.021352313167259787
chr5:140590211	BM35_M	3	0.11779003576421904	0.033550265531752485	0.07692307692307693
chr5:140590211	BM35_P	3	0.10367549987362042	0.024487140360340137	0.08928571428571429
chr5:140594466	BM35_M	1	0.28151480424724457	0.0546883753910447	0.26618705035971224
chr5:140594466	BM35_P	1	0.28266647569445136	0.03953497477962416	0.15384615384615385
chr5:140594470	BM35_M	1	0.284221903192181	0.055189046771983476	0.2773722627737226
chr5:140594470	BM35_P	1	0.28559696156872993	0.03364030570566716	0.1592920353982301
chr5:140725547	BM35_M	3	0.09818229675146026	0.02131711014250681	0.054696789536266346
chr5:140725547	BM35_P	3	0.08946650861627892	0.016390204960587705	0.07211538461538461
chr5:178293256	BM35_M	3	0.08607287551066348	0.02997609211101842	0.04
chr5:178293256	BM35_P	3	0.08047638560160698	0.0220716042342281	0.05660377358490566
chr6:16327915	BM35_M	5	0.8943221629094646	0.026703438505515553	0.8873239436619719
chr6:16327915	BM35_P	5	0.705377294876944	0.22214044826020077	0.5348837209302325
chr6:16327916	BM35_M	5	0.8944630251573817	0.027127280970704954	0.8873239436619719
chr6:16327916	BM35_P	5	0.7061429081543223	0.22151177158550148	0.5348837209302325
chr6:32489795	BM35_M	4	0.20778746399713247	0.06555580991495734	0.16831683168316833
chr6:32489795	BM35_P	4	0.19979963838604356	0.08242105281031684	0.18811881188118812
chr6:44197766	BM35_M	4	0.15955138073108938	0.05868820251830963	0.11475409836065574
chr6:44197766	BM35_P	4	0.14560888870815464	0.06688971932846616	0.14492753623188406
chr7:100638607	BM35_M	4	0.1290729575134281	0.03689027462906749	0.08547008547008547
chr7:100638607	BM35_P	4	0.11358701907667057	0.03419518742037594	0.1282051282051282
chr7:100643292	BM35_M	3	0.1144168995222085	0.032591550506164815	0.07201086956521739
chr7:100643292	BM35_P	3	0.10044259639645071	0.023089213952203456	0.050387596899224806
chr7:100643868	BM35_M	3	0.09230182439162717	0.016314690170475356	0.07940780619111709
chr7:100643868	BM35_P	3	0.08430535422282232	0.011087753364618884	0.02654867256637168
chr7:100643877	BM35_M	3	0.09196503329882573	0.01643389267050833	0.07173601147776183
chr7:100643877	BM35_P	3	0.08396610718963128	0.011507360297216631	0.02416918429003021
chr7:100643893	BM35_M	3	0.09314340983073668	0.01778505190554018	0.07401032702237521
chr7:100643893	BM35_P	3	0.085048044273944	0.012268179902008122	0.026578073089700997
chr7:100643895	BM35_M	3	0.09011056433995976	0.018919426679547057	0.06132879045996593
chr7:100643895	BM35_P	3	0.0826674975203171	0.013858852321448912	0.026845637583892617
chr7:101988840	BM35_M	2	0.04821718958597434	0.02669671724094536	0.028985507246376812
chr7:101988840	BM35_P	2	0.05286587086570592	0.02046250933875277	0.034482758620689655
chr7:142458486	BM35_M	4	0.12582580189276138	0.043751881762236315	0.11290322580645161
chr7:142458486	BM35_P	4	0.11133985900512933	0.041267768876130866	0.08620689655172414
chr7:44046995	BM35_M	2	0.04021289539194673	0.02191810541819529	0.020588235294117647
chr7:44046995	BM35_P	2	0.04690010231974711	0.016974310890656135	0.04285714285714286
chr8:144940420	BM35_M	4	0.13105077457019434	0.032249546233508494	0.07083939835031539
chr8:144940420	BM35_P	4	0.1121805848653996	0.023017947592967665	0.05568181818181818
chr9:125487011	BM35_M	4	0.14228717575709027	0.043086929466007035	0.15384615384615385
chr9:125487011	BM35_P	4	0.12238098009770453	0.040492354700380644	0.07352941176470588
chr9:125487015	BM35_M	4	0.14168781919337203	0.043295407924623996	0.15384615384615385
chr9:125487015	BM35_P	4	0.1218845557314656	0.04013640005123599	0.07352941176470588
chr9:125487017	BM35_M	4	0.14147766262444827	0.0423222821814833	0.15789473684210525
chr9:125487017	BM35_P	4	0.12073383223281639	0.037158847309392874	0.07042253521126761
chr9:125487021	BM35_M	4	0.13185924655134648	0.041980088311243786	0.14084507042253522
chr9:125487021	BM35_P	4	0.11416759959062645	0.03705519705953781	0.07042253521126761
chr9:33797969	BM35_M	3	0.07867054749700614	0.029276430144688965	0.04
chr9:33797969	BM35_P	3	0.07501740485282671	0.021700609422849303	0.04419889502762431
chr9:33797978	BM35_M	3	0.0801472056959524	0.029240601733527494	0.04046242774566474
chr9:33797978	BM35_P	3	0.07619918504325925	0.02162868401705792	0.04597701149425287
chr9:90537466	BM35_M	3	0.09601868822246881	0.027711294066210014	0.055299539170506916
chr9:90537466	BM35_P	3	0.08749579863922999	0.02028219019155754	0.05
chrX:118603894	BM35_M	3	0.10793664370790149	0.032641774458934056	0.07575757575757576
chrX:118603894	BM35_P	3	0.09628024699832856	0.024892514669392254	0.06741573033707865
chrX:149862014	BM35_M	3	0.09121904624374057	0.029869936396909016	0.05
chrX:149862014	BM35_P	3	0.08407443542580058	0.02186601560424697	0.05
chrX:49179717	BM35_M	1	0.46603144426195153	0.257128046621601	0.3783783783783784
chrX:49179717	BM35_P	1	0.3501265942932253	0.12386280897929343	0.2777777777777778
chrX:49179739	BM35_M	1	0.29622660604020834	0.09177371381792515	0.2786885245901639
chrX:49179739	BM35_P	1	0.29365464278427045	0.06351931707127527	0.24444444444444444
